report_dir,case_id,version,section,mpi_ranks,omp_threads,size,iters,elapsed_s,fom,energy,max_abs_diff,status,run_completed,warn_openfabrics,warn_ucx,warn_pmix,warn_orte,local_host,local_device,num_processors_seen,num_threads_seen,metrics_path,log_path,slurm_out_path,slurm_err_path,manifest_path
/home/fzj/桌面/ppn/PPN-KLULES/cluster/stage2-omp/stage2-omp-s20-b1-baseline-cluster-bindcore-secomp-verbaseline-s20-i20-omp1-2-4-8-15-20260504_065038,baseline_omp_np1_t15_s20_i20_bindcore_20260504_065038,baseline,omp,1,15,20,20,0.9,177.87407,1.297886e+06,8.731149e-11,PASS,yes,yes,no,no,no,node60,mlx5_0,1,15,/home/fzj/桌面/ppn/PPN-KLULES/cluster/stage2-omp/stage2-omp-s20-b1-baseline-cluster-bindcore-secomp-verbaseline-s20-i20-omp1-2-4-8-15-20260504_065038/baseline_omp_np1_t15_s20_i20_bindcore_20260504_065038.metrics.csv,/home/fzj/桌面/ppn/PPN-KLULES/cluster/stage2-omp/stage2-omp-s20-b1-baseline-cluster-bindcore-secomp-verbaseline-s20-i20-omp1-2-4-8-15-20260504_065038/baseline_omp_np1_t15_s20_i20_bindcore_20260504_065038.log,/home/fzj/桌面/ppn/PPN-KLULES/cluster/stage2-omp/stage2-omp-s20-b1-baseline-cluster-bindcore-secomp-verbaseline-s20-i20-omp1-2-4-8-15-20260504_065038/baseline_omp_np1_t15_s20_i20_bindcore_20260504_065038.slurm.out,/home/fzj/桌面/ppn/PPN-KLULES/cluster/stage2-omp/stage2-omp-s20-b1-baseline-cluster-bindcore-secomp-verbaseline-s20-i20-omp1-2-4-8-15-20260504_065038/baseline_omp_np1_t15_s20_i20_bindcore_20260504_065038.slurm.err,/home/fzj/桌面/ppn/PPN-KLULES/cluster/stage2-omp/stage2-omp-s20-b1-baseline-cluster-bindcore-secomp-verbaseline-s20-i20-omp1-2-4-8-15-20260504_065038/manifest.csv
/home/fzj/桌面/ppn/PPN-KLULES/cluster/stage2-omp/stage2-omp-s20-b1-baseline-cluster-bindcore-secomp-verbaseline-s20-i20-omp1-2-4-8-15-20260504_065038,baseline_omp_np1_t1_s20_i20_bindcore_20260504_065038,baseline,omp,1,1,20,20,0.18,886.85567,1.297886e+06,1.309672e-10,PASS,yes,yes,no,no,no,node60,mlx5_0,1,1,/home/fzj/桌面/ppn/PPN-KLULES/cluster/stage2-omp/stage2-omp-s20-b1-baseline-cluster-bindcore-secomp-verbaseline-s20-i20-omp1-2-4-8-15-20260504_065038/baseline_omp_np1_t1_s20_i20_bindcore_20260504_065038.metrics.csv,/home/fzj/桌面/ppn/PPN-KLULES/cluster/stage2-omp/stage2-omp-s20-b1-baseline-cluster-bindcore-secomp-verbaseline-s20-i20-omp1-2-4-8-15-20260504_065038/baseline_omp_np1_t1_s20_i20_bindcore_20260504_065038.log,/home/fzj/桌面/ppn/PPN-KLULES/cluster/stage2-omp/stage2-omp-s20-b1-baseline-cluster-bindcore-secomp-verbaseline-s20-i20-omp1-2-4-8-15-20260504_065038/baseline_omp_np1_t1_s20_i20_bindcore_20260504_065038.slurm.out,/home/fzj/桌面/ppn/PPN-KLULES/cluster/stage2-omp/stage2-omp-s20-b1-baseline-cluster-bindcore-secomp-verbaseline-s20-i20-omp1-2-4-8-15-20260504_065038/baseline_omp_np1_t1_s20_i20_bindcore_20260504_065038.slurm.err,/home/fzj/桌面/ppn/PPN-KLULES/cluster/stage2-omp/stage2-omp-s20-b1-baseline-cluster-bindcore-secomp-verbaseline-s20-i20-omp1-2-4-8-15-20260504_065038/manifest.csv
/home/fzj/桌面/ppn/PPN-KLULES/cluster/stage2-omp/stage2-omp-s20-b1-baseline-cluster-bindcore-secomp-verbaseline-s20-i20-omp1-2-4-8-15-20260504_065038,baseline_omp_np1_t2_s20_i20_bindcore_20260504_065038,baseline,omp,1,2,20,20,0.25,637.29108,1.297886e+06,8.731149e-11,PASS,yes,yes,no,no,no,node60,mlx5_0,1,2,/home/fzj/桌面/ppn/PPN-KLULES/cluster/stage2-omp/stage2-omp-s20-b1-baseline-cluster-bindcore-secomp-verbaseline-s20-i20-omp1-2-4-8-15-20260504_065038/baseline_omp_np1_t2_s20_i20_bindcore_20260504_065038.metrics.csv,/home/fzj/桌面/ppn/PPN-KLULES/cluster/stage2-omp/stage2-omp-s20-b1-baseline-cluster-bindcore-secomp-verbaseline-s20-i20-omp1-2-4-8-15-20260504_065038/baseline_omp_np1_t2_s20_i20_bindcore_20260504_065038.log,/home/fzj/桌面/ppn/PPN-KLULES/cluster/stage2-omp/stage2-omp-s20-b1-baseline-cluster-bindcore-secomp-verbaseline-s20-i20-omp1-2-4-8-15-20260504_065038/baseline_omp_np1_t2_s20_i20_bindcore_20260504_065038.slurm.out,/home/fzj/桌面/ppn/PPN-KLULES/cluster/stage2-omp/stage2-omp-s20-b1-baseline-cluster-bindcore-secomp-verbaseline-s20-i20-omp1-2-4-8-15-20260504_065038/baseline_omp_np1_t2_s20_i20_bindcore_20260504_065038.slurm.err,/home/fzj/桌面/ppn/PPN-KLULES/cluster/stage2-omp/stage2-omp-s20-b1-baseline-cluster-bindcore-secomp-verbaseline-s20-i20-omp1-2-4-8-15-20260504_065038/manifest.csv
/home/fzj/桌面/ppn/PPN-KLULES/cluster/stage2-omp/stage2-omp-s20-b1-baseline-cluster-bindcore-secomp-verbaseline-s20-i20-omp1-2-4-8-15-20260504_065038,baseline_omp_np1_t4_s20_i20_bindcore_20260504_065038,baseline,omp,1,4,20,20,0.36,447.08316,1.297886e+06,8.731149e-11,PASS,yes,yes,no,no,no,node60,mlx5_0,1,4,/home/fzj/桌面/ppn/PPN-KLULES/cluster/stage2-omp/stage2-omp-s20-b1-baseline-cluster-bindcore-secomp-verbaseline-s20-i20-omp1-2-4-8-15-20260504_065038/baseline_omp_np1_t4_s20_i20_bindcore_20260504_065038.metrics.csv,/home/fzj/桌面/ppn/PPN-KLULES/cluster/stage2-omp/stage2-omp-s20-b1-baseline-cluster-bindcore-secomp-verbaseline-s20-i20-omp1-2-4-8-15-20260504_065038/baseline_omp_np1_t4_s20_i20_bindcore_20260504_065038.log,/home/fzj/桌面/ppn/PPN-KLULES/cluster/stage2-omp/stage2-omp-s20-b1-baseline-cluster-bindcore-secomp-verbaseline-s20-i20-omp1-2-4-8-15-20260504_065038/baseline_omp_np1_t4_s20_i20_bindcore_20260504_065038.slurm.out,/home/fzj/桌面/ppn/PPN-KLULES/cluster/stage2-omp/stage2-omp-s20-b1-baseline-cluster-bindcore-secomp-verbaseline-s20-i20-omp1-2-4-8-15-20260504_065038/baseline_omp_np1_t4_s20_i20_bindcore_20260504_065038.slurm.err,/home/fzj/桌面/ppn/PPN-KLULES/cluster/stage2-omp/stage2-omp-s20-b1-baseline-cluster-bindcore-secomp-verbaseline-s20-i20-omp1-2-4-8-15-20260504_065038/manifest.csv
/home/fzj/桌面/ppn/PPN-KLULES/cluster/stage2-omp/stage2-omp-s20-b1-baseline-cluster-bindcore-secomp-verbaseline-s20-i20-omp1-2-4-8-15-20260504_065038,baseline_omp_np1_t8_s20_i20_bindcore_20260504_065038,baseline,omp,1,8,20,20,0.61,263.42123,1.297886e+06,8.731149e-11,PASS,yes,yes,no,no,no,node60,mlx5_0,1,8,/home/fzj/桌面/ppn/PPN-KLULES/cluster/stage2-omp/stage2-omp-s20-b1-baseline-cluster-bindcore-secomp-verbaseline-s20-i20-omp1-2-4-8-15-20260504_065038/baseline_omp_np1_t8_s20_i20_bindcore_20260504_065038.metrics.csv,/home/fzj/桌面/ppn/PPN-KLULES/cluster/stage2-omp/stage2-omp-s20-b1-baseline-cluster-bindcore-secomp-verbaseline-s20-i20-omp1-2-4-8-15-20260504_065038/baseline_omp_np1_t8_s20_i20_bindcore_20260504_065038.log,/home/fzj/桌面/ppn/PPN-KLULES/cluster/stage2-omp/stage2-omp-s20-b1-baseline-cluster-bindcore-secomp-verbaseline-s20-i20-omp1-2-4-8-15-20260504_065038/baseline_omp_np1_t8_s20_i20_bindcore_20260504_065038.slurm.out,/home/fzj/桌面/ppn/PPN-KLULES/cluster/stage2-omp/stage2-omp-s20-b1-baseline-cluster-bindcore-secomp-verbaseline-s20-i20-omp1-2-4-8-15-20260504_065038/baseline_omp_np1_t8_s20_i20_bindcore_20260504_065038.slurm.err,/home/fzj/桌面/ppn/PPN-KLULES/cluster/stage2-omp/stage2-omp-s20-b1-baseline-cluster-bindcore-secomp-verbaseline-s20-i20-omp1-2-4-8-15-20260504_065038/manifest.csv
/home/fzj/桌面/ppn/PPN-KLULES/cluster/stage2-omp/stage2-omp-s20-b1-kc-cluster-bindcore-secomp-verkc-s20-i20-omp1-2-4-8-15-20260504_065634,kc_omp_np1_t15_s20_i20_bindcore_20260504_065634,kc,omp,1,15,20,20,0.31,522.30913,1.297886e+06,8.731149e-11,PASS,yes,yes,no,no,no,node60,mlx5_0,1,15,/home/fzj/桌面/ppn/PPN-KLULES/cluster/stage2-omp/stage2-omp-s20-b1-kc-cluster-bindcore-secomp-verkc-s20-i20-omp1-2-4-8-15-20260504_065634/kc_omp_np1_t15_s20_i20_bindcore_20260504_065634.metrics.csv,/home/fzj/桌面/ppn/PPN-KLULES/cluster/stage2-omp/stage2-omp-s20-b1-kc-cluster-bindcore-secomp-verkc-s20-i20-omp1-2-4-8-15-20260504_065634/kc_omp_np1_t15_s20_i20_bindcore_20260504_065634.log,/home/fzj/桌面/ppn/PPN-KLULES/cluster/stage2-omp/stage2-omp-s20-b1-kc-cluster-bindcore-secomp-verkc-s20-i20-omp1-2-4-8-15-20260504_065634/kc_omp_np1_t15_s20_i20_bindcore_20260504_065634.slurm.out,/home/fzj/桌面/ppn/PPN-KLULES/cluster/stage2-omp/stage2-omp-s20-b1-kc-cluster-bindcore-secomp-verkc-s20-i20-omp1-2-4-8-15-20260504_065634/kc_omp_np1_t15_s20_i20_bindcore_20260504_065634.slurm.err,/home/fzj/桌面/ppn/PPN-KLULES/cluster/stage2-omp/stage2-omp-s20-b1-kc-cluster-bindcore-secomp-verkc-s20-i20-omp1-2-4-8-15-20260504_065634/manifest.csv
/home/fzj/桌面/ppn/PPN-KLULES/cluster/stage2-omp/stage2-omp-s20-b1-kc-cluster-bindcore-secomp-verkc-s20-i20-omp1-2-4-8-15-20260504_065634,kc_omp_np1_t1_s20_i20_bindcore_20260504_065634,kc,omp,1,1,20,20,0.18,906.72107,1.297886e+06,8.731149e-11,PASS,yes,yes,no,no,no,node60,mlx5_0,1,1,/home/fzj/桌面/ppn/PPN-KLULES/cluster/stage2-omp/stage2-omp-s20-b1-kc-cluster-bindcore-secomp-verkc-s20-i20-omp1-2-4-8-15-20260504_065634/kc_omp_np1_t1_s20_i20_bindcore_20260504_065634.metrics.csv,/home/fzj/桌面/ppn/PPN-KLULES/cluster/stage2-omp/stage2-omp-s20-b1-kc-cluster-bindcore-secomp-verkc-s20-i20-omp1-2-4-8-15-20260504_065634/kc_omp_np1_t1_s20_i20_bindcore_20260504_065634.log,/home/fzj/桌面/ppn/PPN-KLULES/cluster/stage2-omp/stage2-omp-s20-b1-kc-cluster-bindcore-secomp-verkc-s20-i20-omp1-2-4-8-15-20260504_065634/kc_omp_np1_t1_s20_i20_bindcore_20260504_065634.slurm.out,/home/fzj/桌面/ppn/PPN-KLULES/cluster/stage2-omp/stage2-omp-s20-b1-kc-cluster-bindcore-secomp-verkc-s20-i20-omp1-2-4-8-15-20260504_065634/kc_omp_np1_t1_s20_i20_bindcore_20260504_065634.slurm.err,/home/fzj/桌面/ppn/PPN-KLULES/cluster/stage2-omp/stage2-omp-s20-b1-kc-cluster-bindcore-secomp-verkc-s20-i20-omp1-2-4-8-15-20260504_065634/manifest.csv
/home/fzj/桌面/ppn/PPN-KLULES/cluster/stage2-omp/stage2-omp-s20-b1-kc-cluster-bindcore-secomp-verkc-s20-i20-omp1-2-4-8-15-20260504_065634,kc_omp_np1_t2_s20_i20_bindcore_20260504_065634,kc,omp,1,2,20,20,0.19,855.74768,1.297886e+06,8.731149e-11,PASS,yes,yes,no,no,no,node60,mlx5_0,1,2,/home/fzj/桌面/ppn/PPN-KLULES/cluster/stage2-omp/stage2-omp-s20-b1-kc-cluster-bindcore-secomp-verkc-s20-i20-omp1-2-4-8-15-20260504_065634/kc_omp_np1_t2_s20_i20_bindcore_20260504_065634.metrics.csv,/home/fzj/桌面/ppn/PPN-KLULES/cluster/stage2-omp/stage2-omp-s20-b1-kc-cluster-bindcore-secomp-verkc-s20-i20-omp1-2-4-8-15-20260504_065634/kc_omp_np1_t2_s20_i20_bindcore_20260504_065634.log,/home/fzj/桌面/ppn/PPN-KLULES/cluster/stage2-omp/stage2-omp-s20-b1-kc-cluster-bindcore-secomp-verkc-s20-i20-omp1-2-4-8-15-20260504_065634/kc_omp_np1_t2_s20_i20_bindcore_20260504_065634.slurm.out,/home/fzj/桌面/ppn/PPN-KLULES/cluster/stage2-omp/stage2-omp-s20-b1-kc-cluster-bindcore-secomp-verkc-s20-i20-omp1-2-4-8-15-20260504_065634/kc_omp_np1_t2_s20_i20_bindcore_20260504_065634.slurm.err,/home/fzj/桌面/ppn/PPN-KLULES/cluster/stage2-omp/stage2-omp-s20-b1-kc-cluster-bindcore-secomp-verkc-s20-i20-omp1-2-4-8-15-20260504_065634/manifest.csv
/home/fzj/桌面/ppn/PPN-KLULES/cluster/stage2-omp/stage2-omp-s20-b1-kc-cluster-bindcore-secomp-verkc-s20-i20-omp1-2-4-8-15-20260504_065634,kc_omp_np1_t4_s20_i20_bindcore_20260504_065634,kc,omp,1,4,20,20,0.20,797.93733,1.297886e+06,8.731149e-11,PASS,yes,yes,no,no,no,node60,mlx5_0,1,4,/home/fzj/桌面/ppn/PPN-KLULES/cluster/stage2-omp/stage2-omp-s20-b1-kc-cluster-bindcore-secomp-verkc-s20-i20-omp1-2-4-8-15-20260504_065634/kc_omp_np1_t4_s20_i20_bindcore_20260504_065634.metrics.csv,/home/fzj/桌面/ppn/PPN-KLULES/cluster/stage2-omp/stage2-omp-s20-b1-kc-cluster-bindcore-secomp-verkc-s20-i20-omp1-2-4-8-15-20260504_065634/kc_omp_np1_t4_s20_i20_bindcore_20260504_065634.log,/home/fzj/桌面/ppn/PPN-KLULES/cluster/stage2-omp/stage2-omp-s20-b1-kc-cluster-bindcore-secomp-verkc-s20-i20-omp1-2-4-8-15-20260504_065634/kc_omp_np1_t4_s20_i20_bindcore_20260504_065634.slurm.out,/home/fzj/桌面/ppn/PPN-KLULES/cluster/stage2-omp/stage2-omp-s20-b1-kc-cluster-bindcore-secomp-verkc-s20-i20-omp1-2-4-8-15-20260504_065634/kc_omp_np1_t4_s20_i20_bindcore_20260504_065634.slurm.err,/home/fzj/桌面/ppn/PPN-KLULES/cluster/stage2-omp/stage2-omp-s20-b1-kc-cluster-bindcore-secomp-verkc-s20-i20-omp1-2-4-8-15-20260504_065634/manifest.csv
/home/fzj/桌面/ppn/PPN-KLULES/cluster/stage2-omp/stage2-omp-s20-b1-kc-cluster-bindcore-secomp-verkc-s20-i20-omp1-2-4-8-15-20260504_065634,kc_omp_np1_t8_s20_i20_bindcore_20260504_065634,kc,omp,1,8,20,20,0.24,659.88089,1.297886e+06,8.731149e-11,PASS,yes,yes,no,no,no,node60,mlx5_0,1,8,/home/fzj/桌面/ppn/PPN-KLULES/cluster/stage2-omp/stage2-omp-s20-b1-kc-cluster-bindcore-secomp-verkc-s20-i20-omp1-2-4-8-15-20260504_065634/kc_omp_np1_t8_s20_i20_bindcore_20260504_065634.metrics.csv,/home/fzj/桌面/ppn/PPN-KLULES/cluster/stage2-omp/stage2-omp-s20-b1-kc-cluster-bindcore-secomp-verkc-s20-i20-omp1-2-4-8-15-20260504_065634/kc_omp_np1_t8_s20_i20_bindcore_20260504_065634.log,/home/fzj/桌面/ppn/PPN-KLULES/cluster/stage2-omp/stage2-omp-s20-b1-kc-cluster-bindcore-secomp-verkc-s20-i20-omp1-2-4-8-15-20260504_065634/kc_omp_np1_t8_s20_i20_bindcore_20260504_065634.slurm.out,/home/fzj/桌面/ppn/PPN-KLULES/cluster/stage2-omp/stage2-omp-s20-b1-kc-cluster-bindcore-secomp-verkc-s20-i20-omp1-2-4-8-15-20260504_065634/kc_omp_np1_t8_s20_i20_bindcore_20260504_065634.slurm.err,/home/fzj/桌面/ppn/PPN-KLULES/cluster/stage2-omp/stage2-omp-s20-b1-kc-cluster-bindcore-secomp-verkc-s20-i20-omp1-2-4-8-15-20260504_065634/manifest.csv
/home/fzj/桌面/ppn/PPN-KLULES/cluster/stage2-omp/stage2-omp-s20-b2-baseline-cluster-bindcore-secomp-verbaseline-s20-i20-omp20-24-28-29-30-20260504_065141,baseline_omp_np1_t20_s20_i20_bindcore_20260504_065141,baseline,omp,1,20,20,20,0.98,162.5211,1.297886e+06,8.731149e-11,PASS,yes,yes,no,no,no,node60,mlx5_0,1,20,/home/fzj/桌面/ppn/PPN-KLULES/cluster/stage2-omp/stage2-omp-s20-b2-baseline-cluster-bindcore-secomp-verbaseline-s20-i20-omp20-24-28-29-30-20260504_065141/baseline_omp_np1_t20_s20_i20_bindcore_20260504_065141.metrics.csv,/home/fzj/桌面/ppn/PPN-KLULES/cluster/stage2-omp/stage2-omp-s20-b2-baseline-cluster-bindcore-secomp-verbaseline-s20-i20-omp20-24-28-29-30-20260504_065141/baseline_omp_np1_t20_s20_i20_bindcore_20260504_065141.log,/home/fzj/桌面/ppn/PPN-KLULES/cluster/stage2-omp/stage2-omp-s20-b2-baseline-cluster-bindcore-secomp-verbaseline-s20-i20-omp20-24-28-29-30-20260504_065141/baseline_omp_np1_t20_s20_i20_bindcore_20260504_065141.slurm.out,/home/fzj/桌面/ppn/PPN-KLULES/cluster/stage2-omp/stage2-omp-s20-b2-baseline-cluster-bindcore-secomp-verbaseline-s20-i20-omp20-24-28-29-30-20260504_065141/baseline_omp_np1_t20_s20_i20_bindcore_20260504_065141.slurm.err,/home/fzj/桌面/ppn/PPN-KLULES/cluster/stage2-omp/stage2-omp-s20-b2-baseline-cluster-bindcore-secomp-verbaseline-s20-i20-omp20-24-28-29-30-20260504_065141/manifest.csv
/home/fzj/桌面/ppn/PPN-KLULES/cluster/stage2-omp/stage2-omp-s20-b2-baseline-cluster-bindcore-secomp-verbaseline-s20-i20-omp20-24-28-29-30-20260504_065141,baseline_omp_np1_t24_s20_i20_bindcore_20260504_065141,baseline,omp,1,24,20,20,1.3,126.80303,1.297886e+06,8.731149e-11,PASS,yes,yes,no,no,no,node60,mlx5_0,1,24,/home/fzj/桌面/ppn/PPN-KLULES/cluster/stage2-omp/stage2-omp-s20-b2-baseline-cluster-bindcore-secomp-verbaseline-s20-i20-omp20-24-28-29-30-20260504_065141/baseline_omp_np1_t24_s20_i20_bindcore_20260504_065141.metrics.csv,/home/fzj/桌面/ppn/PPN-KLULES/cluster/stage2-omp/stage2-omp-s20-b2-baseline-cluster-bindcore-secomp-verbaseline-s20-i20-omp20-24-28-29-30-20260504_065141/baseline_omp_np1_t24_s20_i20_bindcore_20260504_065141.log,/home/fzj/桌面/ppn/PPN-KLULES/cluster/stage2-omp/stage2-omp-s20-b2-baseline-cluster-bindcore-secomp-verbaseline-s20-i20-omp20-24-28-29-30-20260504_065141/baseline_omp_np1_t24_s20_i20_bindcore_20260504_065141.slurm.out,/home/fzj/桌面/ppn/PPN-KLULES/cluster/stage2-omp/stage2-omp-s20-b2-baseline-cluster-bindcore-secomp-verbaseline-s20-i20-omp20-24-28-29-30-20260504_065141/baseline_omp_np1_t24_s20_i20_bindcore_20260504_065141.slurm.err,/home/fzj/桌面/ppn/PPN-KLULES/cluster/stage2-omp/stage2-omp-s20-b2-baseline-cluster-bindcore-secomp-verbaseline-s20-i20-omp20-24-28-29-30-20260504_065141/manifest.csv
/home/fzj/桌面/ppn/PPN-KLULES/cluster/stage2-omp/stage2-omp-s20-b2-baseline-cluster-bindcore-secomp-verbaseline-s20-i20-omp20-24-28-29-30-20260504_065141,baseline_omp_np1_t28_s20_i20_bindcore_20260504_065141,baseline,omp,1,28,20,20,1.4,110.43051,1.297886e+06,8.731149e-11,PASS,yes,yes,no,no,no,node60,mlx5_0,1,28,/home/fzj/桌面/ppn/PPN-KLULES/cluster/stage2-omp/stage2-omp-s20-b2-baseline-cluster-bindcore-secomp-verbaseline-s20-i20-omp20-24-28-29-30-20260504_065141/baseline_omp_np1_t28_s20_i20_bindcore_20260504_065141.metrics.csv,/home/fzj/桌面/ppn/PPN-KLULES/cluster/stage2-omp/stage2-omp-s20-b2-baseline-cluster-bindcore-secomp-verbaseline-s20-i20-omp20-24-28-29-30-20260504_065141/baseline_omp_np1_t28_s20_i20_bindcore_20260504_065141.log,/home/fzj/桌面/ppn/PPN-KLULES/cluster/stage2-omp/stage2-omp-s20-b2-baseline-cluster-bindcore-secomp-verbaseline-s20-i20-omp20-24-28-29-30-20260504_065141/baseline_omp_np1_t28_s20_i20_bindcore_20260504_065141.slurm.out,/home/fzj/桌面/ppn/PPN-KLULES/cluster/stage2-omp/stage2-omp-s20-b2-baseline-cluster-bindcore-secomp-verbaseline-s20-i20-omp20-24-28-29-30-20260504_065141/baseline_omp_np1_t28_s20_i20_bindcore_20260504_065141.slurm.err,/home/fzj/桌面/ppn/PPN-KLULES/cluster/stage2-omp/stage2-omp-s20-b2-baseline-cluster-bindcore-secomp-verbaseline-s20-i20-omp20-24-28-29-30-20260504_065141/manifest.csv
/home/fzj/桌面/ppn/PPN-KLULES/cluster/stage2-omp/stage2-omp-s20-b2-baseline-cluster-bindcore-secomp-verbaseline-s20-i20-omp20-24-28-29-30-20260504_065141,baseline_omp_np1_t29_s20_i20_bindcore_20260504_065141,baseline,omp,1,29,20,20,1.5,108.20985,1.297886e+06,8.731149e-11,PASS,yes,yes,no,no,no,node60,mlx5_0,1,29,/home/fzj/桌面/ppn/PPN-KLULES/cluster/stage2-omp/stage2-omp-s20-b2-baseline-cluster-bindcore-secomp-verbaseline-s20-i20-omp20-24-28-29-30-20260504_065141/baseline_omp_np1_t29_s20_i20_bindcore_20260504_065141.metrics.csv,/home/fzj/桌面/ppn/PPN-KLULES/cluster/stage2-omp/stage2-omp-s20-b2-baseline-cluster-bindcore-secomp-verbaseline-s20-i20-omp20-24-28-29-30-20260504_065141/baseline_omp_np1_t29_s20_i20_bindcore_20260504_065141.log,/home/fzj/桌面/ppn/PPN-KLULES/cluster/stage2-omp/stage2-omp-s20-b2-baseline-cluster-bindcore-secomp-verbaseline-s20-i20-omp20-24-28-29-30-20260504_065141/baseline_omp_np1_t29_s20_i20_bindcore_20260504_065141.slurm.out,/home/fzj/桌面/ppn/PPN-KLULES/cluster/stage2-omp/stage2-omp-s20-b2-baseline-cluster-bindcore-secomp-verbaseline-s20-i20-omp20-24-28-29-30-20260504_065141/baseline_omp_np1_t29_s20_i20_bindcore_20260504_065141.slurm.err,/home/fzj/桌面/ppn/PPN-KLULES/cluster/stage2-omp/stage2-omp-s20-b2-baseline-cluster-bindcore-secomp-verbaseline-s20-i20-omp20-24-28-29-30-20260504_065141/manifest.csv
/home/fzj/桌面/ppn/PPN-KLULES/cluster/stage2-omp/stage2-omp-s20-b2-baseline-cluster-bindcore-secomp-verbaseline-s20-i20-omp20-24-28-29-30-20260504_065141,baseline_omp_np1_t30_s20_i20_bindcore_20260504_065141,baseline,omp,1,30,20,20,1.5,104.75113,1.297886e+06,8.731149e-11,PASS,yes,yes,no,no,no,node60,mlx5_0,1,30,/home/fzj/桌面/ppn/PPN-KLULES/cluster/stage2-omp/stage2-omp-s20-b2-baseline-cluster-bindcore-secomp-verbaseline-s20-i20-omp20-24-28-29-30-20260504_065141/baseline_omp_np1_t30_s20_i20_bindcore_20260504_065141.metrics.csv,/home/fzj/桌面/ppn/PPN-KLULES/cluster/stage2-omp/stage2-omp-s20-b2-baseline-cluster-bindcore-secomp-verbaseline-s20-i20-omp20-24-28-29-30-20260504_065141/baseline_omp_np1_t30_s20_i20_bindcore_20260504_065141.log,/home/fzj/桌面/ppn/PPN-KLULES/cluster/stage2-omp/stage2-omp-s20-b2-baseline-cluster-bindcore-secomp-verbaseline-s20-i20-omp20-24-28-29-30-20260504_065141/baseline_omp_np1_t30_s20_i20_bindcore_20260504_065141.slurm.out,/home/fzj/桌面/ppn/PPN-KLULES/cluster/stage2-omp/stage2-omp-s20-b2-baseline-cluster-bindcore-secomp-verbaseline-s20-i20-omp20-24-28-29-30-20260504_065141/baseline_omp_np1_t30_s20_i20_bindcore_20260504_065141.slurm.err,/home/fzj/桌面/ppn/PPN-KLULES/cluster/stage2-omp/stage2-omp-s20-b2-baseline-cluster-bindcore-secomp-verbaseline-s20-i20-omp20-24-28-29-30-20260504_065141/manifest.csv
/home/fzj/桌面/ppn/PPN-KLULES/cluster/stage2-omp/stage2-omp-s20-b2-kc-cluster-bindcore-secomp-verkc-s20-i20-omp20-24-28-29-30-20260504_065653,kc_omp_np1_t20_s20_i20_bindcore_20260504_065653,kc,omp,1,20,20,20,0.36,443.00591,1.297886e+06,8.731149e-11,PASS,yes,yes,no,no,no,node60,mlx5_0,1,20,/home/fzj/桌面/ppn/PPN-KLULES/cluster/stage2-omp/stage2-omp-s20-b2-kc-cluster-bindcore-secomp-verkc-s20-i20-omp20-24-28-29-30-20260504_065653/kc_omp_np1_t20_s20_i20_bindcore_20260504_065653.metrics.csv,/home/fzj/桌面/ppn/PPN-KLULES/cluster/stage2-omp/stage2-omp-s20-b2-kc-cluster-bindcore-secomp-verkc-s20-i20-omp20-24-28-29-30-20260504_065653/kc_omp_np1_t20_s20_i20_bindcore_20260504_065653.log,/home/fzj/桌面/ppn/PPN-KLULES/cluster/stage2-omp/stage2-omp-s20-b2-kc-cluster-bindcore-secomp-verkc-s20-i20-omp20-24-28-29-30-20260504_065653/kc_omp_np1_t20_s20_i20_bindcore_20260504_065653.slurm.out,/home/fzj/桌面/ppn/PPN-KLULES/cluster/stage2-omp/stage2-omp-s20-b2-kc-cluster-bindcore-secomp-verkc-s20-i20-omp20-24-28-29-30-20260504_065653/kc_omp_np1_t20_s20_i20_bindcore_20260504_065653.slurm.err,/home/fzj/桌面/ppn/PPN-KLULES/cluster/stage2-omp/stage2-omp-s20-b2-kc-cluster-bindcore-secomp-verkc-s20-i20-omp20-24-28-29-30-20260504_065653/manifest.csv
/home/fzj/桌面/ppn/PPN-KLULES/cluster/stage2-omp/stage2-omp-s20-b2-kc-cluster-bindcore-secomp-verkc-s20-i20-omp20-24-28-29-30-20260504_065653,kc_omp_np1_t24_s20_i20_bindcore_20260504_065653,kc,omp,1,24,20,20,0.32,494.28789,1.297886e+06,8.731149e-11,PASS,yes,yes,no,no,no,node60,mlx5_0,1,24,/home/fzj/桌面/ppn/PPN-KLULES/cluster/stage2-omp/stage2-omp-s20-b2-kc-cluster-bindcore-secomp-verkc-s20-i20-omp20-24-28-29-30-20260504_065653/kc_omp_np1_t24_s20_i20_bindcore_20260504_065653.metrics.csv,/home/fzj/桌面/ppn/PPN-KLULES/cluster/stage2-omp/stage2-omp-s20-b2-kc-cluster-bindcore-secomp-verkc-s20-i20-omp20-24-28-29-30-20260504_065653/kc_omp_np1_t24_s20_i20_bindcore_20260504_065653.log,/home/fzj/桌面/ppn/PPN-KLULES/cluster/stage2-omp/stage2-omp-s20-b2-kc-cluster-bindcore-secomp-verkc-s20-i20-omp20-24-28-29-30-20260504_065653/kc_omp_np1_t24_s20_i20_bindcore_20260504_065653.slurm.out,/home/fzj/桌面/ppn/PPN-KLULES/cluster/stage2-omp/stage2-omp-s20-b2-kc-cluster-bindcore-secomp-verkc-s20-i20-omp20-24-28-29-30-20260504_065653/kc_omp_np1_t24_s20_i20_bindcore_20260504_065653.slurm.err,/home/fzj/桌面/ppn/PPN-KLULES/cluster/stage2-omp/stage2-omp-s20-b2-kc-cluster-bindcore-secomp-verkc-s20-i20-omp20-24-28-29-30-20260504_065653/manifest.csv
/home/fzj/桌面/ppn/PPN-KLULES/cluster/stage2-omp/stage2-omp-s20-b2-kc-cluster-bindcore-secomp-verkc-s20-i20-omp20-24-28-29-30-20260504_065653,kc_omp_np1_t28_s20_i20_bindcore_20260504_065653,kc,omp,1,28,20,20,0.42,382.06765,1.297886e+06,8.731149e-11,PASS,yes,yes,no,no,no,node60,mlx5_0,1,28,/home/fzj/桌面/ppn/PPN-KLULES/cluster/stage2-omp/stage2-omp-s20-b2-kc-cluster-bindcore-secomp-verkc-s20-i20-omp20-24-28-29-30-20260504_065653/kc_omp_np1_t28_s20_i20_bindcore_20260504_065653.metrics.csv,/home/fzj/桌面/ppn/PPN-KLULES/cluster/stage2-omp/stage2-omp-s20-b2-kc-cluster-bindcore-secomp-verkc-s20-i20-omp20-24-28-29-30-20260504_065653/kc_omp_np1_t28_s20_i20_bindcore_20260504_065653.log,/home/fzj/桌面/ppn/PPN-KLULES/cluster/stage2-omp/stage2-omp-s20-b2-kc-cluster-bindcore-secomp-verkc-s20-i20-omp20-24-28-29-30-20260504_065653/kc_omp_np1_t28_s20_i20_bindcore_20260504_065653.slurm.out,/home/fzj/桌面/ppn/PPN-KLULES/cluster/stage2-omp/stage2-omp-s20-b2-kc-cluster-bindcore-secomp-verkc-s20-i20-omp20-24-28-29-30-20260504_065653/kc_omp_np1_t28_s20_i20_bindcore_20260504_065653.slurm.err,/home/fzj/桌面/ppn/PPN-KLULES/cluster/stage2-omp/stage2-omp-s20-b2-kc-cluster-bindcore-secomp-verkc-s20-i20-omp20-24-28-29-30-20260504_065653/manifest.csv
/home/fzj/桌面/ppn/PPN-KLULES/cluster/stage2-omp/stage2-omp-s20-b2-kc-cluster-bindcore-secomp-verkc-s20-i20-omp20-24-28-29-30-20260504_065653,kc_omp_np1_t29_s20_i20_bindcore_20260504_065653,kc,omp,1,29,20,20,0.43,375.99992,1.297886e+06,8.731149e-11,PASS,yes,yes,no,no,no,node60,mlx5_0,1,29,/home/fzj/桌面/ppn/PPN-KLULES/cluster/stage2-omp/stage2-omp-s20-b2-kc-cluster-bindcore-secomp-verkc-s20-i20-omp20-24-28-29-30-20260504_065653/kc_omp_np1_t29_s20_i20_bindcore_20260504_065653.metrics.csv,/home/fzj/桌面/ppn/PPN-KLULES/cluster/stage2-omp/stage2-omp-s20-b2-kc-cluster-bindcore-secomp-verkc-s20-i20-omp20-24-28-29-30-20260504_065653/kc_omp_np1_t29_s20_i20_bindcore_20260504_065653.log,/home/fzj/桌面/ppn/PPN-KLULES/cluster/stage2-omp/stage2-omp-s20-b2-kc-cluster-bindcore-secomp-verkc-s20-i20-omp20-24-28-29-30-20260504_065653/kc_omp_np1_t29_s20_i20_bindcore_20260504_065653.slurm.out,/home/fzj/桌面/ppn/PPN-KLULES/cluster/stage2-omp/stage2-omp-s20-b2-kc-cluster-bindcore-secomp-verkc-s20-i20-omp20-24-28-29-30-20260504_065653/kc_omp_np1_t29_s20_i20_bindcore_20260504_065653.slurm.err,/home/fzj/桌面/ppn/PPN-KLULES/cluster/stage2-omp/stage2-omp-s20-b2-kc-cluster-bindcore-secomp-verkc-s20-i20-omp20-24-28-29-30-20260504_065653/manifest.csv
/home/fzj/桌面/ppn/PPN-KLULES/cluster/stage2-omp/stage2-omp-s20-b2-kc-cluster-bindcore-secomp-verkc-s20-i20-omp20-24-28-29-30-20260504_065653,kc_omp_np1_t30_s20_i20_bindcore_20260504_065653,kc,omp,1,30,20,20,0.45,358.27526,1.297886e+06,8.731149e-11,PASS,yes,yes,no,no,no,node60,mlx5_0,1,30,/home/fzj/桌面/ppn/PPN-KLULES/cluster/stage2-omp/stage2-omp-s20-b2-kc-cluster-bindcore-secomp-verkc-s20-i20-omp20-24-28-29-30-20260504_065653/kc_omp_np1_t30_s20_i20_bindcore_20260504_065653.metrics.csv,/home/fzj/桌面/ppn/PPN-KLULES/cluster/stage2-omp/stage2-omp-s20-b2-kc-cluster-bindcore-secomp-verkc-s20-i20-omp20-24-28-29-30-20260504_065653/kc_omp_np1_t30_s20_i20_bindcore_20260504_065653.log,/home/fzj/桌面/ppn/PPN-KLULES/cluster/stage2-omp/stage2-omp-s20-b2-kc-cluster-bindcore-secomp-verkc-s20-i20-omp20-24-28-29-30-20260504_065653/kc_omp_np1_t30_s20_i20_bindcore_20260504_065653.slurm.out,/home/fzj/桌面/ppn/PPN-KLULES/cluster/stage2-omp/stage2-omp-s20-b2-kc-cluster-bindcore-secomp-verkc-s20-i20-omp20-24-28-29-30-20260504_065653/kc_omp_np1_t30_s20_i20_bindcore_20260504_065653.slurm.err,/home/fzj/桌面/ppn/PPN-KLULES/cluster/stage2-omp/stage2-omp-s20-b2-kc-cluster-bindcore-secomp-verkc-s20-i20-omp20-24-28-29-30-20260504_065653/manifest.csv
/home/fzj/桌面/ppn/PPN-KLULES/cluster/stage2-omp/stage2-omp-s20-b3-baseline-cluster-bindcore-secomp-verbaseline-s20-i20-omp31-32-36-40-20260504_065302,baseline_omp_np1_t31_s20_i20_bindcore_20260504_065302,baseline,omp,1,31,20,20,1.6,101.91783,1.297886e+06,8.731149e-11,PASS,yes,yes,no,no,no,node60,mlx5_0,1,31,/home/fzj/桌面/ppn/PPN-KLULES/cluster/stage2-omp/stage2-omp-s20-b3-baseline-cluster-bindcore-secomp-verbaseline-s20-i20-omp31-32-36-40-20260504_065302/baseline_omp_np1_t31_s20_i20_bindcore_20260504_065302.metrics.csv,/home/fzj/桌面/ppn/PPN-KLULES/cluster/stage2-omp/stage2-omp-s20-b3-baseline-cluster-bindcore-secomp-verbaseline-s20-i20-omp31-32-36-40-20260504_065302/baseline_omp_np1_t31_s20_i20_bindcore_20260504_065302.log,/home/fzj/桌面/ppn/PPN-KLULES/cluster/stage2-omp/stage2-omp-s20-b3-baseline-cluster-bindcore-secomp-verbaseline-s20-i20-omp31-32-36-40-20260504_065302/baseline_omp_np1_t31_s20_i20_bindcore_20260504_065302.slurm.out,/home/fzj/桌面/ppn/PPN-KLULES/cluster/stage2-omp/stage2-omp-s20-b3-baseline-cluster-bindcore-secomp-verbaseline-s20-i20-omp31-32-36-40-20260504_065302/baseline_omp_np1_t31_s20_i20_bindcore_20260504_065302.slurm.err,/home/fzj/桌面/ppn/PPN-KLULES/cluster/stage2-omp/stage2-omp-s20-b3-baseline-cluster-bindcore-secomp-verbaseline-s20-i20-omp31-32-36-40-20260504_065302/manifest.csv
/home/fzj/桌面/ppn/PPN-KLULES/cluster/stage2-omp/stage2-omp-s20-b3-baseline-cluster-bindcore-secomp-verbaseline-s20-i20-omp31-32-36-40-20260504_065302,baseline_omp_np1_t32_s20_i20_bindcore_20260504_065302,baseline,omp,1,32,20,20,1.6,97.704462,1.297886e+06,8.731149e-11,PASS,yes,yes,no,no,no,node60,mlx5_0,1,32,/home/fzj/桌面/ppn/PPN-KLULES/cluster/stage2-omp/stage2-omp-s20-b3-baseline-cluster-bindcore-secomp-verbaseline-s20-i20-omp31-32-36-40-20260504_065302/baseline_omp_np1_t32_s20_i20_bindcore_20260504_065302.metrics.csv,/home/fzj/桌面/ppn/PPN-KLULES/cluster/stage2-omp/stage2-omp-s20-b3-baseline-cluster-bindcore-secomp-verbaseline-s20-i20-omp31-32-36-40-20260504_065302/baseline_omp_np1_t32_s20_i20_bindcore_20260504_065302.log,/home/fzj/桌面/ppn/PPN-KLULES/cluster/stage2-omp/stage2-omp-s20-b3-baseline-cluster-bindcore-secomp-verbaseline-s20-i20-omp31-32-36-40-20260504_065302/baseline_omp_np1_t32_s20_i20_bindcore_20260504_065302.slurm.out,/home/fzj/桌面/ppn/PPN-KLULES/cluster/stage2-omp/stage2-omp-s20-b3-baseline-cluster-bindcore-secomp-verbaseline-s20-i20-omp31-32-36-40-20260504_065302/baseline_omp_np1_t32_s20_i20_bindcore_20260504_065302.slurm.err,/home/fzj/桌面/ppn/PPN-KLULES/cluster/stage2-omp/stage2-omp-s20-b3-baseline-cluster-bindcore-secomp-verbaseline-s20-i20-omp31-32-36-40-20260504_065302/manifest.csv
/home/fzj/桌面/ppn/PPN-KLULES/cluster/stage2-omp/stage2-omp-s20-b3-baseline-cluster-bindcore-secomp-verbaseline-s20-i20-omp31-32-36-40-20260504_065302,baseline_omp_np1_t36_s20_i20_bindcore_20260504_065302,baseline,omp,1,36,20,20,1.8,88.372787,1.297886e+06,8.731149e-11,PASS,yes,yes,no,no,no,node60,mlx5_0,1,36,/home/fzj/桌面/ppn/PPN-KLULES/cluster/stage2-omp/stage2-omp-s20-b3-baseline-cluster-bindcore-secomp-verbaseline-s20-i20-omp31-32-36-40-20260504_065302/baseline_omp_np1_t36_s20_i20_bindcore_20260504_065302.metrics.csv,/home/fzj/桌面/ppn/PPN-KLULES/cluster/stage2-omp/stage2-omp-s20-b3-baseline-cluster-bindcore-secomp-verbaseline-s20-i20-omp31-32-36-40-20260504_065302/baseline_omp_np1_t36_s20_i20_bindcore_20260504_065302.log,/home/fzj/桌面/ppn/PPN-KLULES/cluster/stage2-omp/stage2-omp-s20-b3-baseline-cluster-bindcore-secomp-verbaseline-s20-i20-omp31-32-36-40-20260504_065302/baseline_omp_np1_t36_s20_i20_bindcore_20260504_065302.slurm.out,/home/fzj/桌面/ppn/PPN-KLULES/cluster/stage2-omp/stage2-omp-s20-b3-baseline-cluster-bindcore-secomp-verbaseline-s20-i20-omp31-32-36-40-20260504_065302/baseline_omp_np1_t36_s20_i20_bindcore_20260504_065302.slurm.err,/home/fzj/桌面/ppn/PPN-KLULES/cluster/stage2-omp/stage2-omp-s20-b3-baseline-cluster-bindcore-secomp-verbaseline-s20-i20-omp31-32-36-40-20260504_065302/manifest.csv
/home/fzj/桌面/ppn/PPN-KLULES/cluster/stage2-omp/stage2-omp-s20-b3-baseline-cluster-bindcore-secomp-verbaseline-s20-i20-omp31-32-36-40-20260504_065302,baseline_omp_np1_t40_s20_i20_bindcore_20260504_065302,baseline,omp,1,40,20,20,2,80.6622,1.297886e+06,8.731149e-11,PASS,yes,yes,no,no,no,node60,mlx5_0,1,40,/home/fzj/桌面/ppn/PPN-KLULES/cluster/stage2-omp/stage2-omp-s20-b3-baseline-cluster-bindcore-secomp-verbaseline-s20-i20-omp31-32-36-40-20260504_065302/baseline_omp_np1_t40_s20_i20_bindcore_20260504_065302.metrics.csv,/home/fzj/桌面/ppn/PPN-KLULES/cluster/stage2-omp/stage2-omp-s20-b3-baseline-cluster-bindcore-secomp-verbaseline-s20-i20-omp31-32-36-40-20260504_065302/baseline_omp_np1_t40_s20_i20_bindcore_20260504_065302.log,/home/fzj/桌面/ppn/PPN-KLULES/cluster/stage2-omp/stage2-omp-s20-b3-baseline-cluster-bindcore-secomp-verbaseline-s20-i20-omp31-32-36-40-20260504_065302/baseline_omp_np1_t40_s20_i20_bindcore_20260504_065302.slurm.out,/home/fzj/桌面/ppn/PPN-KLULES/cluster/stage2-omp/stage2-omp-s20-b3-baseline-cluster-bindcore-secomp-verbaseline-s20-i20-omp31-32-36-40-20260504_065302/baseline_omp_np1_t40_s20_i20_bindcore_20260504_065302.slurm.err,/home/fzj/桌面/ppn/PPN-KLULES/cluster/stage2-omp/stage2-omp-s20-b3-baseline-cluster-bindcore-secomp-verbaseline-s20-i20-omp31-32-36-40-20260504_065302/manifest.csv
/home/fzj/桌面/ppn/PPN-KLULES/cluster/stage2-omp/stage2-omp-s20-b3-kc-cluster-bindcore-secomp-verkc-s20-i20-omp31-32-36-40-20260504_065705,kc_omp_np1_t31_s20_i20_bindcore_20260504_065705,kc,omp,1,31,20,20,0.45,358.33223,1.297886e+06,8.731149e-11,PASS,yes,yes,no,no,no,node60,mlx5_0,1,31,/home/fzj/桌面/ppn/PPN-KLULES/cluster/stage2-omp/stage2-omp-s20-b3-kc-cluster-bindcore-secomp-verkc-s20-i20-omp31-32-36-40-20260504_065705/kc_omp_np1_t31_s20_i20_bindcore_20260504_065705.metrics.csv,/home/fzj/桌面/ppn/PPN-KLULES/cluster/stage2-omp/stage2-omp-s20-b3-kc-cluster-bindcore-secomp-verkc-s20-i20-omp31-32-36-40-20260504_065705/kc_omp_np1_t31_s20_i20_bindcore_20260504_065705.log,/home/fzj/桌面/ppn/PPN-KLULES/cluster/stage2-omp/stage2-omp-s20-b3-kc-cluster-bindcore-secomp-verkc-s20-i20-omp31-32-36-40-20260504_065705/kc_omp_np1_t31_s20_i20_bindcore_20260504_065705.slurm.out,/home/fzj/桌面/ppn/PPN-KLULES/cluster/stage2-omp/stage2-omp-s20-b3-kc-cluster-bindcore-secomp-verkc-s20-i20-omp31-32-36-40-20260504_065705/kc_omp_np1_t31_s20_i20_bindcore_20260504_065705.slurm.err,/home/fzj/桌面/ppn/PPN-KLULES/cluster/stage2-omp/stage2-omp-s20-b3-kc-cluster-bindcore-secomp-verkc-s20-i20-omp31-32-36-40-20260504_065705/manifest.csv
/home/fzj/桌面/ppn/PPN-KLULES/cluster/stage2-omp/stage2-omp-s20-b3-kc-cluster-bindcore-secomp-verkc-s20-i20-omp31-32-36-40-20260504_065705,kc_omp_np1_t32_s20_i20_bindcore_20260504_065705,kc,omp,1,32,20,20,0.47,340.66617,1.297886e+06,8.731149e-11,PASS,yes,yes,no,no,no,node60,mlx5_0,1,32,/home/fzj/桌面/ppn/PPN-KLULES/cluster/stage2-omp/stage2-omp-s20-b3-kc-cluster-bindcore-secomp-verkc-s20-i20-omp31-32-36-40-20260504_065705/kc_omp_np1_t32_s20_i20_bindcore_20260504_065705.metrics.csv,/home/fzj/桌面/ppn/PPN-KLULES/cluster/stage2-omp/stage2-omp-s20-b3-kc-cluster-bindcore-secomp-verkc-s20-i20-omp31-32-36-40-20260504_065705/kc_omp_np1_t32_s20_i20_bindcore_20260504_065705.log,/home/fzj/桌面/ppn/PPN-KLULES/cluster/stage2-omp/stage2-omp-s20-b3-kc-cluster-bindcore-secomp-verkc-s20-i20-omp31-32-36-40-20260504_065705/kc_omp_np1_t32_s20_i20_bindcore_20260504_065705.slurm.out,/home/fzj/桌面/ppn/PPN-KLULES/cluster/stage2-omp/stage2-omp-s20-b3-kc-cluster-bindcore-secomp-verkc-s20-i20-omp31-32-36-40-20260504_065705/kc_omp_np1_t32_s20_i20_bindcore_20260504_065705.slurm.err,/home/fzj/桌面/ppn/PPN-KLULES/cluster/stage2-omp/stage2-omp-s20-b3-kc-cluster-bindcore-secomp-verkc-s20-i20-omp31-32-36-40-20260504_065705/manifest.csv
/home/fzj/桌面/ppn/PPN-KLULES/cluster/stage2-omp/stage2-omp-s20-b3-kc-cluster-bindcore-secomp-verkc-s20-i20-omp31-32-36-40-20260504_065705,kc_omp_np1_t36_s20_i20_bindcore_20260504_065705,kc,omp,1,36,20,20,0.50,320.13318,1.297886e+06,8.731149e-11,PASS,yes,yes,no,no,no,node60,mlx5_0,1,36,/home/fzj/桌面/ppn/PPN-KLULES/cluster/stage2-omp/stage2-omp-s20-b3-kc-cluster-bindcore-secomp-verkc-s20-i20-omp31-32-36-40-20260504_065705/kc_omp_np1_t36_s20_i20_bindcore_20260504_065705.metrics.csv,/home/fzj/桌面/ppn/PPN-KLULES/cluster/stage2-omp/stage2-omp-s20-b3-kc-cluster-bindcore-secomp-verkc-s20-i20-omp31-32-36-40-20260504_065705/kc_omp_np1_t36_s20_i20_bindcore_20260504_065705.log,/home/fzj/桌面/ppn/PPN-KLULES/cluster/stage2-omp/stage2-omp-s20-b3-kc-cluster-bindcore-secomp-verkc-s20-i20-omp31-32-36-40-20260504_065705/kc_omp_np1_t36_s20_i20_bindcore_20260504_065705.slurm.out,/home/fzj/桌面/ppn/PPN-KLULES/cluster/stage2-omp/stage2-omp-s20-b3-kc-cluster-bindcore-secomp-verkc-s20-i20-omp31-32-36-40-20260504_065705/kc_omp_np1_t36_s20_i20_bindcore_20260504_065705.slurm.err,/home/fzj/桌面/ppn/PPN-KLULES/cluster/stage2-omp/stage2-omp-s20-b3-kc-cluster-bindcore-secomp-verkc-s20-i20-omp31-32-36-40-20260504_065705/manifest.csv
/home/fzj/桌面/ppn/PPN-KLULES/cluster/stage2-omp/stage2-omp-s20-b3-kc-cluster-bindcore-secomp-verkc-s20-i20-omp31-32-36-40-20260504_065705,kc_omp_np1_t40_s20_i20_bindcore_20260504_065705,kc,omp,1,40,20,20,0.53,302.74075,1.297886e+06,8.731149e-11,PASS,yes,yes,no,no,no,node60,mlx5_0,1,40,/home/fzj/桌面/ppn/PPN-KLULES/cluster/stage2-omp/stage2-omp-s20-b3-kc-cluster-bindcore-secomp-verkc-s20-i20-omp31-32-36-40-20260504_065705/kc_omp_np1_t40_s20_i20_bindcore_20260504_065705.metrics.csv,/home/fzj/桌面/ppn/PPN-KLULES/cluster/stage2-omp/stage2-omp-s20-b3-kc-cluster-bindcore-secomp-verkc-s20-i20-omp31-32-36-40-20260504_065705/kc_omp_np1_t40_s20_i20_bindcore_20260504_065705.log,/home/fzj/桌面/ppn/PPN-KLULES/cluster/stage2-omp/stage2-omp-s20-b3-kc-cluster-bindcore-secomp-verkc-s20-i20-omp31-32-36-40-20260504_065705/kc_omp_np1_t40_s20_i20_bindcore_20260504_065705.slurm.out,/home/fzj/桌面/ppn/PPN-KLULES/cluster/stage2-omp/stage2-omp-s20-b3-kc-cluster-bindcore-secomp-verkc-s20-i20-omp31-32-36-40-20260504_065705/kc_omp_np1_t40_s20_i20_bindcore_20260504_065705.slurm.err,/home/fzj/桌面/ppn/PPN-KLULES/cluster/stage2-omp/stage2-omp-s20-b3-kc-cluster-bindcore-secomp-verkc-s20-i20-omp31-32-36-40-20260504_065705/manifest.csv
/home/fzj/桌面/ppn/PPN-KLULES/cluster/stage2-omp/stage2-omp-s20-b4-baseline-cluster-bindcore-secomp-verbaseline-s20-i20-omp58-59-60-61-62-20260504_065407,baseline_omp_np1_t58_s20_i20_bindcore_20260504_065407,baseline,omp,1,58,20,20,2.6,60.472256,1.297886e+06,8.731149e-11,PASS,yes,yes,no,no,no,node60,mlx5_0,1,58,/home/fzj/桌面/ppn/PPN-KLULES/cluster/stage2-omp/stage2-omp-s20-b4-baseline-cluster-bindcore-secomp-verbaseline-s20-i20-omp58-59-60-61-62-20260504_065407/baseline_omp_np1_t58_s20_i20_bindcore_20260504_065407.metrics.csv,/home/fzj/桌面/ppn/PPN-KLULES/cluster/stage2-omp/stage2-omp-s20-b4-baseline-cluster-bindcore-secomp-verbaseline-s20-i20-omp58-59-60-61-62-20260504_065407/baseline_omp_np1_t58_s20_i20_bindcore_20260504_065407.log,/home/fzj/桌面/ppn/PPN-KLULES/cluster/stage2-omp/stage2-omp-s20-b4-baseline-cluster-bindcore-secomp-verbaseline-s20-i20-omp58-59-60-61-62-20260504_065407/baseline_omp_np1_t58_s20_i20_bindcore_20260504_065407.slurm.out,/home/fzj/桌面/ppn/PPN-KLULES/cluster/stage2-omp/stage2-omp-s20-b4-baseline-cluster-bindcore-secomp-verbaseline-s20-i20-omp58-59-60-61-62-20260504_065407/baseline_omp_np1_t58_s20_i20_bindcore_20260504_065407.slurm.err,/home/fzj/桌面/ppn/PPN-KLULES/cluster/stage2-omp/stage2-omp-s20-b4-baseline-cluster-bindcore-secomp-verbaseline-s20-i20-omp58-59-60-61-62-20260504_065407/manifest.csv
/home/fzj/桌面/ppn/PPN-KLULES/cluster/stage2-omp/stage2-omp-s20-b4-baseline-cluster-bindcore-secomp-verbaseline-s20-i20-omp58-59-60-61-62-20260504_065407,baseline_omp_np1_t59_s20_i20_bindcore_20260504_065407,baseline,omp,1,59,20,20,2.8,56.924099,1.297886e+06,8.731149e-11,PASS,yes,yes,no,no,no,node60,mlx5_0,1,59,/home/fzj/桌面/ppn/PPN-KLULES/cluster/stage2-omp/stage2-omp-s20-b4-baseline-cluster-bindcore-secomp-verbaseline-s20-i20-omp58-59-60-61-62-20260504_065407/baseline_omp_np1_t59_s20_i20_bindcore_20260504_065407.metrics.csv,/home/fzj/桌面/ppn/PPN-KLULES/cluster/stage2-omp/stage2-omp-s20-b4-baseline-cluster-bindcore-secomp-verbaseline-s20-i20-omp58-59-60-61-62-20260504_065407/baseline_omp_np1_t59_s20_i20_bindcore_20260504_065407.log,/home/fzj/桌面/ppn/PPN-KLULES/cluster/stage2-omp/stage2-omp-s20-b4-baseline-cluster-bindcore-secomp-verbaseline-s20-i20-omp58-59-60-61-62-20260504_065407/baseline_omp_np1_t59_s20_i20_bindcore_20260504_065407.slurm.out,/home/fzj/桌面/ppn/PPN-KLULES/cluster/stage2-omp/stage2-omp-s20-b4-baseline-cluster-bindcore-secomp-verbaseline-s20-i20-omp58-59-60-61-62-20260504_065407/baseline_omp_np1_t59_s20_i20_bindcore_20260504_065407.slurm.err,/home/fzj/桌面/ppn/PPN-KLULES/cluster/stage2-omp/stage2-omp-s20-b4-baseline-cluster-bindcore-secomp-verbaseline-s20-i20-omp58-59-60-61-62-20260504_065407/manifest.csv
/home/fzj/桌面/ppn/PPN-KLULES/cluster/stage2-omp/stage2-omp-s20-b4-baseline-cluster-bindcore-secomp-verbaseline-s20-i20-omp58-59-60-61-62-20260504_065407,baseline_omp_np1_t60_s20_i20_bindcore_20260504_065407,baseline,omp,1,60,20,20,2.9,55.708341,1.297886e+06,8.731149e-11,PASS,yes,yes,no,no,no,node60,mlx5_0,1,60,/home/fzj/桌面/ppn/PPN-KLULES/cluster/stage2-omp/stage2-omp-s20-b4-baseline-cluster-bindcore-secomp-verbaseline-s20-i20-omp58-59-60-61-62-20260504_065407/baseline_omp_np1_t60_s20_i20_bindcore_20260504_065407.metrics.csv,/home/fzj/桌面/ppn/PPN-KLULES/cluster/stage2-omp/stage2-omp-s20-b4-baseline-cluster-bindcore-secomp-verbaseline-s20-i20-omp58-59-60-61-62-20260504_065407/baseline_omp_np1_t60_s20_i20_bindcore_20260504_065407.log,/home/fzj/桌面/ppn/PPN-KLULES/cluster/stage2-omp/stage2-omp-s20-b4-baseline-cluster-bindcore-secomp-verbaseline-s20-i20-omp58-59-60-61-62-20260504_065407/baseline_omp_np1_t60_s20_i20_bindcore_20260504_065407.slurm.out,/home/fzj/桌面/ppn/PPN-KLULES/cluster/stage2-omp/stage2-omp-s20-b4-baseline-cluster-bindcore-secomp-verbaseline-s20-i20-omp58-59-60-61-62-20260504_065407/baseline_omp_np1_t60_s20_i20_bindcore_20260504_065407.slurm.err,/home/fzj/桌面/ppn/PPN-KLULES/cluster/stage2-omp/stage2-omp-s20-b4-baseline-cluster-bindcore-secomp-verbaseline-s20-i20-omp58-59-60-61-62-20260504_065407/manifest.csv
/home/fzj/桌面/ppn/PPN-KLULES/cluster/stage2-omp/stage2-omp-s20-b4-baseline-cluster-bindcore-secomp-verbaseline-s20-i20-omp58-59-60-61-62-20260504_065407,baseline_omp_np1_t61_s20_i20_bindcore_20260504_065407,baseline,omp,1,61,20,20,2.9,54.904198,1.297886e+06,8.731149e-11,PASS,yes,yes,no,no,no,node60,mlx5_0,1,61,/home/fzj/桌面/ppn/PPN-KLULES/cluster/stage2-omp/stage2-omp-s20-b4-baseline-cluster-bindcore-secomp-verbaseline-s20-i20-omp58-59-60-61-62-20260504_065407/baseline_omp_np1_t61_s20_i20_bindcore_20260504_065407.metrics.csv,/home/fzj/桌面/ppn/PPN-KLULES/cluster/stage2-omp/stage2-omp-s20-b4-baseline-cluster-bindcore-secomp-verbaseline-s20-i20-omp58-59-60-61-62-20260504_065407/baseline_omp_np1_t61_s20_i20_bindcore_20260504_065407.log,/home/fzj/桌面/ppn/PPN-KLULES/cluster/stage2-omp/stage2-omp-s20-b4-baseline-cluster-bindcore-secomp-verbaseline-s20-i20-omp58-59-60-61-62-20260504_065407/baseline_omp_np1_t61_s20_i20_bindcore_20260504_065407.slurm.out,/home/fzj/桌面/ppn/PPN-KLULES/cluster/stage2-omp/stage2-omp-s20-b4-baseline-cluster-bindcore-secomp-verbaseline-s20-i20-omp58-59-60-61-62-20260504_065407/baseline_omp_np1_t61_s20_i20_bindcore_20260504_065407.slurm.err,/home/fzj/桌面/ppn/PPN-KLULES/cluster/stage2-omp/stage2-omp-s20-b4-baseline-cluster-bindcore-secomp-verbaseline-s20-i20-omp58-59-60-61-62-20260504_065407/manifest.csv
/home/fzj/桌面/ppn/PPN-KLULES/cluster/stage2-omp/stage2-omp-s20-b4-baseline-cluster-bindcore-secomp-verbaseline-s20-i20-omp58-59-60-61-62-20260504_065407,baseline_omp_np1_t62_s20_i20_bindcore_20260504_065407,baseline,omp,1,62,20,20,3,52.888863,1.297886e+06,8.731149e-11,PASS,yes,yes,no,no,no,node60,mlx5_0,1,62,/home/fzj/桌面/ppn/PPN-KLULES/cluster/stage2-omp/stage2-omp-s20-b4-baseline-cluster-bindcore-secomp-verbaseline-s20-i20-omp58-59-60-61-62-20260504_065407/baseline_omp_np1_t62_s20_i20_bindcore_20260504_065407.metrics.csv,/home/fzj/桌面/ppn/PPN-KLULES/cluster/stage2-omp/stage2-omp-s20-b4-baseline-cluster-bindcore-secomp-verbaseline-s20-i20-omp58-59-60-61-62-20260504_065407/baseline_omp_np1_t62_s20_i20_bindcore_20260504_065407.log,/home/fzj/桌面/ppn/PPN-KLULES/cluster/stage2-omp/stage2-omp-s20-b4-baseline-cluster-bindcore-secomp-verbaseline-s20-i20-omp58-59-60-61-62-20260504_065407/baseline_omp_np1_t62_s20_i20_bindcore_20260504_065407.slurm.out,/home/fzj/桌面/ppn/PPN-KLULES/cluster/stage2-omp/stage2-omp-s20-b4-baseline-cluster-bindcore-secomp-verbaseline-s20-i20-omp58-59-60-61-62-20260504_065407/baseline_omp_np1_t62_s20_i20_bindcore_20260504_065407.slurm.err,/home/fzj/桌面/ppn/PPN-KLULES/cluster/stage2-omp/stage2-omp-s20-b4-baseline-cluster-bindcore-secomp-verbaseline-s20-i20-omp58-59-60-61-62-20260504_065407/manifest.csv
/home/fzj/桌面/ppn/PPN-KLULES/cluster/stage2-omp/stage2-omp-s20-b4-kc-cluster-bindcore-secomp-verkc-s20-i20-omp58-59-60-61-62-20260504_065718,kc_omp_np1_t58_s20_i20_bindcore_20260504_065718,kc,omp,1,58,20,20,0.72,222.12196,1.297886e+06,8.731149e-11,PASS,yes,yes,no,no,no,node60,mlx5_0,1,58,/home/fzj/桌面/ppn/PPN-KLULES/cluster/stage2-omp/stage2-omp-s20-b4-kc-cluster-bindcore-secomp-verkc-s20-i20-omp58-59-60-61-62-20260504_065718/kc_omp_np1_t58_s20_i20_bindcore_20260504_065718.metrics.csv,/home/fzj/桌面/ppn/PPN-KLULES/cluster/stage2-omp/stage2-omp-s20-b4-kc-cluster-bindcore-secomp-verkc-s20-i20-omp58-59-60-61-62-20260504_065718/kc_omp_np1_t58_s20_i20_bindcore_20260504_065718.log,/home/fzj/桌面/ppn/PPN-KLULES/cluster/stage2-omp/stage2-omp-s20-b4-kc-cluster-bindcore-secomp-verkc-s20-i20-omp58-59-60-61-62-20260504_065718/kc_omp_np1_t58_s20_i20_bindcore_20260504_065718.slurm.out,/home/fzj/桌面/ppn/PPN-KLULES/cluster/stage2-omp/stage2-omp-s20-b4-kc-cluster-bindcore-secomp-verkc-s20-i20-omp58-59-60-61-62-20260504_065718/kc_omp_np1_t58_s20_i20_bindcore_20260504_065718.slurm.err,/home/fzj/桌面/ppn/PPN-KLULES/cluster/stage2-omp/stage2-omp-s20-b4-kc-cluster-bindcore-secomp-verkc-s20-i20-omp58-59-60-61-62-20260504_065718/manifest.csv
/home/fzj/桌面/ppn/PPN-KLULES/cluster/stage2-omp/stage2-omp-s20-b4-kc-cluster-bindcore-secomp-verkc-s20-i20-omp58-59-60-61-62-20260504_065718,kc_omp_np1_t59_s20_i20_bindcore_20260504_065718,kc,omp,1,59,20,20,0.72,222.87879,1.297886e+06,8.731149e-11,PASS,yes,yes,no,no,no,node60,mlx5_0,1,59,/home/fzj/桌面/ppn/PPN-KLULES/cluster/stage2-omp/stage2-omp-s20-b4-kc-cluster-bindcore-secomp-verkc-s20-i20-omp58-59-60-61-62-20260504_065718/kc_omp_np1_t59_s20_i20_bindcore_20260504_065718.metrics.csv,/home/fzj/桌面/ppn/PPN-KLULES/cluster/stage2-omp/stage2-omp-s20-b4-kc-cluster-bindcore-secomp-verkc-s20-i20-omp58-59-60-61-62-20260504_065718/kc_omp_np1_t59_s20_i20_bindcore_20260504_065718.log,/home/fzj/桌面/ppn/PPN-KLULES/cluster/stage2-omp/stage2-omp-s20-b4-kc-cluster-bindcore-secomp-verkc-s20-i20-omp58-59-60-61-62-20260504_065718/kc_omp_np1_t59_s20_i20_bindcore_20260504_065718.slurm.out,/home/fzj/桌面/ppn/PPN-KLULES/cluster/stage2-omp/stage2-omp-s20-b4-kc-cluster-bindcore-secomp-verkc-s20-i20-omp58-59-60-61-62-20260504_065718/kc_omp_np1_t59_s20_i20_bindcore_20260504_065718.slurm.err,/home/fzj/桌面/ppn/PPN-KLULES/cluster/stage2-omp/stage2-omp-s20-b4-kc-cluster-bindcore-secomp-verkc-s20-i20-omp58-59-60-61-62-20260504_065718/manifest.csv
/home/fzj/桌面/ppn/PPN-KLULES/cluster/stage2-omp/stage2-omp-s20-b4-kc-cluster-bindcore-secomp-verkc-s20-i20-omp58-59-60-61-62-20260504_065718,kc_omp_np1_t60_s20_i20_bindcore_20260504_065718,kc,omp,1,60,20,20,0.71,226.76958,1.297886e+06,8.731149e-11,PASS,yes,yes,no,no,no,node60,mlx5_0,1,60,/home/fzj/桌面/ppn/PPN-KLULES/cluster/stage2-omp/stage2-omp-s20-b4-kc-cluster-bindcore-secomp-verkc-s20-i20-omp58-59-60-61-62-20260504_065718/kc_omp_np1_t60_s20_i20_bindcore_20260504_065718.metrics.csv,/home/fzj/桌面/ppn/PPN-KLULES/cluster/stage2-omp/stage2-omp-s20-b4-kc-cluster-bindcore-secomp-verkc-s20-i20-omp58-59-60-61-62-20260504_065718/kc_omp_np1_t60_s20_i20_bindcore_20260504_065718.log,/home/fzj/桌面/ppn/PPN-KLULES/cluster/stage2-omp/stage2-omp-s20-b4-kc-cluster-bindcore-secomp-verkc-s20-i20-omp58-59-60-61-62-20260504_065718/kc_omp_np1_t60_s20_i20_bindcore_20260504_065718.slurm.out,/home/fzj/桌面/ppn/PPN-KLULES/cluster/stage2-omp/stage2-omp-s20-b4-kc-cluster-bindcore-secomp-verkc-s20-i20-omp58-59-60-61-62-20260504_065718/kc_omp_np1_t60_s20_i20_bindcore_20260504_065718.slurm.err,/home/fzj/桌面/ppn/PPN-KLULES/cluster/stage2-omp/stage2-omp-s20-b4-kc-cluster-bindcore-secomp-verkc-s20-i20-omp58-59-60-61-62-20260504_065718/manifest.csv
/home/fzj/桌面/ppn/PPN-KLULES/cluster/stage2-omp/stage2-omp-s20-b4-kc-cluster-bindcore-secomp-verkc-s20-i20-omp58-59-60-61-62-20260504_065718,kc_omp_np1_t61_s20_i20_bindcore_20260504_065718,kc,omp,1,61,20,20,0.71,226.45504,1.297886e+06,8.731149e-11,PASS,yes,yes,no,no,no,node60,mlx5_0,1,61,/home/fzj/桌面/ppn/PPN-KLULES/cluster/stage2-omp/stage2-omp-s20-b4-kc-cluster-bindcore-secomp-verkc-s20-i20-omp58-59-60-61-62-20260504_065718/kc_omp_np1_t61_s20_i20_bindcore_20260504_065718.metrics.csv,/home/fzj/桌面/ppn/PPN-KLULES/cluster/stage2-omp/stage2-omp-s20-b4-kc-cluster-bindcore-secomp-verkc-s20-i20-omp58-59-60-61-62-20260504_065718/kc_omp_np1_t61_s20_i20_bindcore_20260504_065718.log,/home/fzj/桌面/ppn/PPN-KLULES/cluster/stage2-omp/stage2-omp-s20-b4-kc-cluster-bindcore-secomp-verkc-s20-i20-omp58-59-60-61-62-20260504_065718/kc_omp_np1_t61_s20_i20_bindcore_20260504_065718.slurm.out,/home/fzj/桌面/ppn/PPN-KLULES/cluster/stage2-omp/stage2-omp-s20-b4-kc-cluster-bindcore-secomp-verkc-s20-i20-omp58-59-60-61-62-20260504_065718/kc_omp_np1_t61_s20_i20_bindcore_20260504_065718.slurm.err,/home/fzj/桌面/ppn/PPN-KLULES/cluster/stage2-omp/stage2-omp-s20-b4-kc-cluster-bindcore-secomp-verkc-s20-i20-omp58-59-60-61-62-20260504_065718/manifest.csv
/home/fzj/桌面/ppn/PPN-KLULES/cluster/stage2-omp/stage2-omp-s20-b4-kc-cluster-bindcore-secomp-verkc-s20-i20-omp58-59-60-61-62-20260504_065718,kc_omp_np1_t62_s20_i20_bindcore_20260504_065718,kc,omp,1,62,20,20,0.72,222.03103,1.297886e+06,8.731149e-11,PASS,yes,yes,no,no,no,node60,mlx5_0,1,62,/home/fzj/桌面/ppn/PPN-KLULES/cluster/stage2-omp/stage2-omp-s20-b4-kc-cluster-bindcore-secomp-verkc-s20-i20-omp58-59-60-61-62-20260504_065718/kc_omp_np1_t62_s20_i20_bindcore_20260504_065718.metrics.csv,/home/fzj/桌面/ppn/PPN-KLULES/cluster/stage2-omp/stage2-omp-s20-b4-kc-cluster-bindcore-secomp-verkc-s20-i20-omp58-59-60-61-62-20260504_065718/kc_omp_np1_t62_s20_i20_bindcore_20260504_065718.log,/home/fzj/桌面/ppn/PPN-KLULES/cluster/stage2-omp/stage2-omp-s20-b4-kc-cluster-bindcore-secomp-verkc-s20-i20-omp58-59-60-61-62-20260504_065718/kc_omp_np1_t62_s20_i20_bindcore_20260504_065718.slurm.out,/home/fzj/桌面/ppn/PPN-KLULES/cluster/stage2-omp/stage2-omp-s20-b4-kc-cluster-bindcore-secomp-verkc-s20-i20-omp58-59-60-61-62-20260504_065718/kc_omp_np1_t62_s20_i20_bindcore_20260504_065718.slurm.err,/home/fzj/桌面/ppn/PPN-KLULES/cluster/stage2-omp/stage2-omp-s20-b4-kc-cluster-bindcore-secomp-verkc-s20-i20-omp58-59-60-61-62-20260504_065718/manifest.csv
/home/fzj/桌面/ppn/PPN-KLULES/cluster/stage2-omp/stage2-omp-s20-b5-baseline-cluster-bindcore-secomp-verbaseline-s20-i20-omp64-20260504_065559,baseline_omp_np1_t64_s20_i20_bindcore_20260504_065559,baseline,omp,1,64,20,20,3.1,51.340159,1.297886e+06,8.731149e-11,PASS,yes,yes,no,no,no,node60,mlx5_0,1,64,/home/fzj/桌面/ppn/PPN-KLULES/cluster/stage2-omp/stage2-omp-s20-b5-baseline-cluster-bindcore-secomp-verbaseline-s20-i20-omp64-20260504_065559/baseline_omp_np1_t64_s20_i20_bindcore_20260504_065559.metrics.csv,/home/fzj/桌面/ppn/PPN-KLULES/cluster/stage2-omp/stage2-omp-s20-b5-baseline-cluster-bindcore-secomp-verbaseline-s20-i20-omp64-20260504_065559/baseline_omp_np1_t64_s20_i20_bindcore_20260504_065559.log,/home/fzj/桌面/ppn/PPN-KLULES/cluster/stage2-omp/stage2-omp-s20-b5-baseline-cluster-bindcore-secomp-verbaseline-s20-i20-omp64-20260504_065559/baseline_omp_np1_t64_s20_i20_bindcore_20260504_065559.slurm.out,/home/fzj/桌面/ppn/PPN-KLULES/cluster/stage2-omp/stage2-omp-s20-b5-baseline-cluster-bindcore-secomp-verbaseline-s20-i20-omp64-20260504_065559/baseline_omp_np1_t64_s20_i20_bindcore_20260504_065559.slurm.err,/home/fzj/桌面/ppn/PPN-KLULES/cluster/stage2-omp/stage2-omp-s20-b5-baseline-cluster-bindcore-secomp-verbaseline-s20-i20-omp64-20260504_065559/manifest.csv
/home/fzj/桌面/ppn/PPN-KLULES/cluster/stage2-omp/stage2-omp-s20-b5-kc-cluster-bindcore-secomp-verkc-s20-i20-omp64-20260504_065744,kc_omp_np1_t64_s20_i20_bindcore_20260504_065744,kc,omp,1,64,20,20,0.74,216.13765,1.297886e+06,8.731149e-11,PASS,yes,yes,no,no,no,node60,mlx5_0,1,64,/home/fzj/桌面/ppn/PPN-KLULES/cluster/stage2-omp/stage2-omp-s20-b5-kc-cluster-bindcore-secomp-verkc-s20-i20-omp64-20260504_065744/kc_omp_np1_t64_s20_i20_bindcore_20260504_065744.metrics.csv,/home/fzj/桌面/ppn/PPN-KLULES/cluster/stage2-omp/stage2-omp-s20-b5-kc-cluster-bindcore-secomp-verkc-s20-i20-omp64-20260504_065744/kc_omp_np1_t64_s20_i20_bindcore_20260504_065744.log,/home/fzj/桌面/ppn/PPN-KLULES/cluster/stage2-omp/stage2-omp-s20-b5-kc-cluster-bindcore-secomp-verkc-s20-i20-omp64-20260504_065744/kc_omp_np1_t64_s20_i20_bindcore_20260504_065744.slurm.out,/home/fzj/桌面/ppn/PPN-KLULES/cluster/stage2-omp/stage2-omp-s20-b5-kc-cluster-bindcore-secomp-verkc-s20-i20-omp64-20260504_065744/kc_omp_np1_t64_s20_i20_bindcore_20260504_065744.slurm.err,/home/fzj/桌面/ppn/PPN-KLULES/cluster/stage2-omp/stage2-omp-s20-b5-kc-cluster-bindcore-secomp-verkc-s20-i20-omp64-20260504_065744/manifest.csv
/home/fzj/桌面/ppn/PPN-KLULES/cluster/stage2-omp/stage2-omp-s40-b1-baseline-cluster-bindcore-secomp-verbaseline-s40-i20-omp1-2-4-8-15-20260504_065757,baseline_omp_np1_t15_s40_i20_bindcore_20260504_065757,baseline,omp,1,15,40,20,1.4,904.51906,1.038309e+07,1.164153e-10,PASS,yes,yes,no,no,no,node60,mlx5_0,1,15,/home/fzj/桌面/ppn/PPN-KLULES/cluster/stage2-omp/stage2-omp-s40-b1-baseline-cluster-bindcore-secomp-verbaseline-s40-i20-omp1-2-4-8-15-20260504_065757/baseline_omp_np1_t15_s40_i20_bindcore_20260504_065757.metrics.csv,/home/fzj/桌面/ppn/PPN-KLULES/cluster/stage2-omp/stage2-omp-s40-b1-baseline-cluster-bindcore-secomp-verbaseline-s40-i20-omp1-2-4-8-15-20260504_065757/baseline_omp_np1_t15_s40_i20_bindcore_20260504_065757.log,/home/fzj/桌面/ppn/PPN-KLULES/cluster/stage2-omp/stage2-omp-s40-b1-baseline-cluster-bindcore-secomp-verbaseline-s40-i20-omp1-2-4-8-15-20260504_065757/baseline_omp_np1_t15_s40_i20_bindcore_20260504_065757.slurm.out,/home/fzj/桌面/ppn/PPN-KLULES/cluster/stage2-omp/stage2-omp-s40-b1-baseline-cluster-bindcore-secomp-verbaseline-s40-i20-omp1-2-4-8-15-20260504_065757/baseline_omp_np1_t15_s40_i20_bindcore_20260504_065757.slurm.err,/home/fzj/桌面/ppn/PPN-KLULES/cluster/stage2-omp/stage2-omp-s40-b1-baseline-cluster-bindcore-secomp-verbaseline-s40-i20-omp1-2-4-8-15-20260504_065757/manifest.csv
/home/fzj/桌面/ppn/PPN-KLULES/cluster/stage2-omp/stage2-omp-s40-b1-baseline-cluster-bindcore-secomp-verbaseline-s40-i20-omp1-2-4-8-15-20260504_065757,baseline_omp_np1_t1_s40_i20_bindcore_20260504_065757,baseline,omp,1,1,40,20,0.7,1820.2772,1.038309e+07,9.313226e-10,PASS,yes,yes,no,no,no,node60,mlx5_0,1,1,/home/fzj/桌面/ppn/PPN-KLULES/cluster/stage2-omp/stage2-omp-s40-b1-baseline-cluster-bindcore-secomp-verbaseline-s40-i20-omp1-2-4-8-15-20260504_065757/baseline_omp_np1_t1_s40_i20_bindcore_20260504_065757.metrics.csv,/home/fzj/桌面/ppn/PPN-KLULES/cluster/stage2-omp/stage2-omp-s40-b1-baseline-cluster-bindcore-secomp-verbaseline-s40-i20-omp1-2-4-8-15-20260504_065757/baseline_omp_np1_t1_s40_i20_bindcore_20260504_065757.log,/home/fzj/桌面/ppn/PPN-KLULES/cluster/stage2-omp/stage2-omp-s40-b1-baseline-cluster-bindcore-secomp-verbaseline-s40-i20-omp1-2-4-8-15-20260504_065757/baseline_omp_np1_t1_s40_i20_bindcore_20260504_065757.slurm.out,/home/fzj/桌面/ppn/PPN-KLULES/cluster/stage2-omp/stage2-omp-s40-b1-baseline-cluster-bindcore-secomp-verbaseline-s40-i20-omp1-2-4-8-15-20260504_065757/baseline_omp_np1_t1_s40_i20_bindcore_20260504_065757.slurm.err,/home/fzj/桌面/ppn/PPN-KLULES/cluster/stage2-omp/stage2-omp-s40-b1-baseline-cluster-bindcore-secomp-verbaseline-s40-i20-omp1-2-4-8-15-20260504_065757/manifest.csv
/home/fzj/桌面/ppn/PPN-KLULES/cluster/stage2-omp/stage2-omp-s40-b1-baseline-cluster-bindcore-secomp-verbaseline-s40-i20-omp1-2-4-8-15-20260504_065757,baseline_omp_np1_t2_s40_i20_bindcore_20260504_065757,baseline,omp,1,2,40,20,0.82,1567.4812,1.038309e+07,1.164153e-10,PASS,yes,yes,no,no,no,node60,mlx5_0,1,2,/home/fzj/桌面/ppn/PPN-KLULES/cluster/stage2-omp/stage2-omp-s40-b1-baseline-cluster-bindcore-secomp-verbaseline-s40-i20-omp1-2-4-8-15-20260504_065757/baseline_omp_np1_t2_s40_i20_bindcore_20260504_065757.metrics.csv,/home/fzj/桌面/ppn/PPN-KLULES/cluster/stage2-omp/stage2-omp-s40-b1-baseline-cluster-bindcore-secomp-verbaseline-s40-i20-omp1-2-4-8-15-20260504_065757/baseline_omp_np1_t2_s40_i20_bindcore_20260504_065757.log,/home/fzj/桌面/ppn/PPN-KLULES/cluster/stage2-omp/stage2-omp-s40-b1-baseline-cluster-bindcore-secomp-verbaseline-s40-i20-omp1-2-4-8-15-20260504_065757/baseline_omp_np1_t2_s40_i20_bindcore_20260504_065757.slurm.out,/home/fzj/桌面/ppn/PPN-KLULES/cluster/stage2-omp/stage2-omp-s40-b1-baseline-cluster-bindcore-secomp-verbaseline-s40-i20-omp1-2-4-8-15-20260504_065757/baseline_omp_np1_t2_s40_i20_bindcore_20260504_065757.slurm.err,/home/fzj/桌面/ppn/PPN-KLULES/cluster/stage2-omp/stage2-omp-s40-b1-baseline-cluster-bindcore-secomp-verbaseline-s40-i20-omp1-2-4-8-15-20260504_065757/manifest.csv
/home/fzj/桌面/ppn/PPN-KLULES/cluster/stage2-omp/stage2-omp-s40-b1-baseline-cluster-bindcore-secomp-verbaseline-s40-i20-omp1-2-4-8-15-20260504_065757,baseline_omp_np1_t4_s40_i20_bindcore_20260504_065757,baseline,omp,1,4,40,20,0.89,1439.5585,1.038309e+07,1.164153e-10,PASS,yes,yes,no,no,no,node60,mlx5_0,1,4,/home/fzj/桌面/ppn/PPN-KLULES/cluster/stage2-omp/stage2-omp-s40-b1-baseline-cluster-bindcore-secomp-verbaseline-s40-i20-omp1-2-4-8-15-20260504_065757/baseline_omp_np1_t4_s40_i20_bindcore_20260504_065757.metrics.csv,/home/fzj/桌面/ppn/PPN-KLULES/cluster/stage2-omp/stage2-omp-s40-b1-baseline-cluster-bindcore-secomp-verbaseline-s40-i20-omp1-2-4-8-15-20260504_065757/baseline_omp_np1_t4_s40_i20_bindcore_20260504_065757.log,/home/fzj/桌面/ppn/PPN-KLULES/cluster/stage2-omp/stage2-omp-s40-b1-baseline-cluster-bindcore-secomp-verbaseline-s40-i20-omp1-2-4-8-15-20260504_065757/baseline_omp_np1_t4_s40_i20_bindcore_20260504_065757.slurm.out,/home/fzj/桌面/ppn/PPN-KLULES/cluster/stage2-omp/stage2-omp-s40-b1-baseline-cluster-bindcore-secomp-verbaseline-s40-i20-omp1-2-4-8-15-20260504_065757/baseline_omp_np1_t4_s40_i20_bindcore_20260504_065757.slurm.err,/home/fzj/桌面/ppn/PPN-KLULES/cluster/stage2-omp/stage2-omp-s40-b1-baseline-cluster-bindcore-secomp-verbaseline-s40-i20-omp1-2-4-8-15-20260504_065757/manifest.csv
/home/fzj/桌面/ppn/PPN-KLULES/cluster/stage2-omp/stage2-omp-s40-b1-baseline-cluster-bindcore-secomp-verbaseline-s40-i20-omp1-2-4-8-15-20260504_065757,baseline_omp_np1_t8_s40_i20_bindcore_20260504_065757,baseline,omp,1,8,40,20,1.1,1180.0812,1.038309e+07,1.164153e-10,PASS,yes,yes,no,no,no,node60,mlx5_0,1,8,/home/fzj/桌面/ppn/PPN-KLULES/cluster/stage2-omp/stage2-omp-s40-b1-baseline-cluster-bindcore-secomp-verbaseline-s40-i20-omp1-2-4-8-15-20260504_065757/baseline_omp_np1_t8_s40_i20_bindcore_20260504_065757.metrics.csv,/home/fzj/桌面/ppn/PPN-KLULES/cluster/stage2-omp/stage2-omp-s40-b1-baseline-cluster-bindcore-secomp-verbaseline-s40-i20-omp1-2-4-8-15-20260504_065757/baseline_omp_np1_t8_s40_i20_bindcore_20260504_065757.log,/home/fzj/桌面/ppn/PPN-KLULES/cluster/stage2-omp/stage2-omp-s40-b1-baseline-cluster-bindcore-secomp-verbaseline-s40-i20-omp1-2-4-8-15-20260504_065757/baseline_omp_np1_t8_s40_i20_bindcore_20260504_065757.slurm.out,/home/fzj/桌面/ppn/PPN-KLULES/cluster/stage2-omp/stage2-omp-s40-b1-baseline-cluster-bindcore-secomp-verbaseline-s40-i20-omp1-2-4-8-15-20260504_065757/baseline_omp_np1_t8_s40_i20_bindcore_20260504_065757.slurm.err,/home/fzj/桌面/ppn/PPN-KLULES/cluster/stage2-omp/stage2-omp-s40-b1-baseline-cluster-bindcore-secomp-verbaseline-s40-i20-omp1-2-4-8-15-20260504_065757/manifest.csv
/home/fzj/桌面/ppn/PPN-KLULES/cluster/stage2-omp/stage2-omp-s40-b1-kc-cluster-bindcore-secomp-verkc-s40-i20-omp1-2-4-8-15-20260504_065936,kc_omp_np1_t15_s40_i20_bindcore_20260504_065936,kc,omp,1,15,40,20,0.74,1725.9327,1.038309e+07,1.164153e-10,PASS,yes,yes,no,no,no,node60,mlx5_0,1,15,/home/fzj/桌面/ppn/PPN-KLULES/cluster/stage2-omp/stage2-omp-s40-b1-kc-cluster-bindcore-secomp-verkc-s40-i20-omp1-2-4-8-15-20260504_065936/kc_omp_np1_t15_s40_i20_bindcore_20260504_065936.metrics.csv,/home/fzj/桌面/ppn/PPN-KLULES/cluster/stage2-omp/stage2-omp-s40-b1-kc-cluster-bindcore-secomp-verkc-s40-i20-omp1-2-4-8-15-20260504_065936/kc_omp_np1_t15_s40_i20_bindcore_20260504_065936.log,/home/fzj/桌面/ppn/PPN-KLULES/cluster/stage2-omp/stage2-omp-s40-b1-kc-cluster-bindcore-secomp-verkc-s40-i20-omp1-2-4-8-15-20260504_065936/kc_omp_np1_t15_s40_i20_bindcore_20260504_065936.slurm.out,/home/fzj/桌面/ppn/PPN-KLULES/cluster/stage2-omp/stage2-omp-s40-b1-kc-cluster-bindcore-secomp-verkc-s40-i20-omp1-2-4-8-15-20260504_065936/kc_omp_np1_t15_s40_i20_bindcore_20260504_065936.slurm.err,/home/fzj/桌面/ppn/PPN-KLULES/cluster/stage2-omp/stage2-omp-s40-b1-kc-cluster-bindcore-secomp-verkc-s40-i20-omp1-2-4-8-15-20260504_065936/manifest.csv
/home/fzj/桌面/ppn/PPN-KLULES/cluster/stage2-omp/stage2-omp-s40-b1-kc-cluster-bindcore-secomp-verkc-s40-i20-omp1-2-4-8-15-20260504_065936,kc_omp_np1_t1_s40_i20_bindcore_20260504_065936,kc,omp,1,1,40,20,0.61,2100.3681,1.038309e+07,1.164153e-10,PASS,yes,yes,no,no,no,node60,mlx5_0,1,1,/home/fzj/桌面/ppn/PPN-KLULES/cluster/stage2-omp/stage2-omp-s40-b1-kc-cluster-bindcore-secomp-verkc-s40-i20-omp1-2-4-8-15-20260504_065936/kc_omp_np1_t1_s40_i20_bindcore_20260504_065936.metrics.csv,/home/fzj/桌面/ppn/PPN-KLULES/cluster/stage2-omp/stage2-omp-s40-b1-kc-cluster-bindcore-secomp-verkc-s40-i20-omp1-2-4-8-15-20260504_065936/kc_omp_np1_t1_s40_i20_bindcore_20260504_065936.log,/home/fzj/桌面/ppn/PPN-KLULES/cluster/stage2-omp/stage2-omp-s40-b1-kc-cluster-bindcore-secomp-verkc-s40-i20-omp1-2-4-8-15-20260504_065936/kc_omp_np1_t1_s40_i20_bindcore_20260504_065936.slurm.out,/home/fzj/桌面/ppn/PPN-KLULES/cluster/stage2-omp/stage2-omp-s40-b1-kc-cluster-bindcore-secomp-verkc-s40-i20-omp1-2-4-8-15-20260504_065936/kc_omp_np1_t1_s40_i20_bindcore_20260504_065936.slurm.err,/home/fzj/桌面/ppn/PPN-KLULES/cluster/stage2-omp/stage2-omp-s40-b1-kc-cluster-bindcore-secomp-verkc-s40-i20-omp1-2-4-8-15-20260504_065936/manifest.csv
/home/fzj/桌面/ppn/PPN-KLULES/cluster/stage2-omp/stage2-omp-s40-b1-kc-cluster-bindcore-secomp-verkc-s40-i20-omp1-2-4-8-15-20260504_065936,kc_omp_np1_t2_s40_i20_bindcore_20260504_065936,kc,omp,1,2,40,20,0.61,2098.9663,1.038309e+07,1.164153e-10,PASS,yes,yes,no,no,no,node60,mlx5_0,1,2,/home/fzj/桌面/ppn/PPN-KLULES/cluster/stage2-omp/stage2-omp-s40-b1-kc-cluster-bindcore-secomp-verkc-s40-i20-omp1-2-4-8-15-20260504_065936/kc_omp_np1_t2_s40_i20_bindcore_20260504_065936.metrics.csv,/home/fzj/桌面/ppn/PPN-KLULES/cluster/stage2-omp/stage2-omp-s40-b1-kc-cluster-bindcore-secomp-verkc-s40-i20-omp1-2-4-8-15-20260504_065936/kc_omp_np1_t2_s40_i20_bindcore_20260504_065936.log,/home/fzj/桌面/ppn/PPN-KLULES/cluster/stage2-omp/stage2-omp-s40-b1-kc-cluster-bindcore-secomp-verkc-s40-i20-omp1-2-4-8-15-20260504_065936/kc_omp_np1_t2_s40_i20_bindcore_20260504_065936.slurm.out,/home/fzj/桌面/ppn/PPN-KLULES/cluster/stage2-omp/stage2-omp-s40-b1-kc-cluster-bindcore-secomp-verkc-s40-i20-omp1-2-4-8-15-20260504_065936/kc_omp_np1_t2_s40_i20_bindcore_20260504_065936.slurm.err,/home/fzj/桌面/ppn/PPN-KLULES/cluster/stage2-omp/stage2-omp-s40-b1-kc-cluster-bindcore-secomp-verkc-s40-i20-omp1-2-4-8-15-20260504_065936/manifest.csv
/home/fzj/桌面/ppn/PPN-KLULES/cluster/stage2-omp/stage2-omp-s40-b1-kc-cluster-bindcore-secomp-verkc-s40-i20-omp1-2-4-8-15-20260504_065936,kc_omp_np1_t4_s40_i20_bindcore_20260504_065936,kc,omp,1,4,40,20,0.62,2059.4439,1.038309e+07,1.164153e-10,PASS,yes,yes,no,no,no,node60,mlx5_0,1,4,/home/fzj/桌面/ppn/PPN-KLULES/cluster/stage2-omp/stage2-omp-s40-b1-kc-cluster-bindcore-secomp-verkc-s40-i20-omp1-2-4-8-15-20260504_065936/kc_omp_np1_t4_s40_i20_bindcore_20260504_065936.metrics.csv,/home/fzj/桌面/ppn/PPN-KLULES/cluster/stage2-omp/stage2-omp-s40-b1-kc-cluster-bindcore-secomp-verkc-s40-i20-omp1-2-4-8-15-20260504_065936/kc_omp_np1_t4_s40_i20_bindcore_20260504_065936.log,/home/fzj/桌面/ppn/PPN-KLULES/cluster/stage2-omp/stage2-omp-s40-b1-kc-cluster-bindcore-secomp-verkc-s40-i20-omp1-2-4-8-15-20260504_065936/kc_omp_np1_t4_s40_i20_bindcore_20260504_065936.slurm.out,/home/fzj/桌面/ppn/PPN-KLULES/cluster/stage2-omp/stage2-omp-s40-b1-kc-cluster-bindcore-secomp-verkc-s40-i20-omp1-2-4-8-15-20260504_065936/kc_omp_np1_t4_s40_i20_bindcore_20260504_065936.slurm.err,/home/fzj/桌面/ppn/PPN-KLULES/cluster/stage2-omp/stage2-omp-s40-b1-kc-cluster-bindcore-secomp-verkc-s40-i20-omp1-2-4-8-15-20260504_065936/manifest.csv
/home/fzj/桌面/ppn/PPN-KLULES/cluster/stage2-omp/stage2-omp-s40-b1-kc-cluster-bindcore-secomp-verkc-s40-i20-omp1-2-4-8-15-20260504_065936,kc_omp_np1_t8_s40_i20_bindcore_20260504_065936,kc,omp,1,8,40,20,0.67,1915.0897,1.038309e+07,1.164153e-10,PASS,yes,yes,no,no,no,node60,mlx5_0,1,8,/home/fzj/桌面/ppn/PPN-KLULES/cluster/stage2-omp/stage2-omp-s40-b1-kc-cluster-bindcore-secomp-verkc-s40-i20-omp1-2-4-8-15-20260504_065936/kc_omp_np1_t8_s40_i20_bindcore_20260504_065936.metrics.csv,/home/fzj/桌面/ppn/PPN-KLULES/cluster/stage2-omp/stage2-omp-s40-b1-kc-cluster-bindcore-secomp-verkc-s40-i20-omp1-2-4-8-15-20260504_065936/kc_omp_np1_t8_s40_i20_bindcore_20260504_065936.log,/home/fzj/桌面/ppn/PPN-KLULES/cluster/stage2-omp/stage2-omp-s40-b1-kc-cluster-bindcore-secomp-verkc-s40-i20-omp1-2-4-8-15-20260504_065936/kc_omp_np1_t8_s40_i20_bindcore_20260504_065936.slurm.out,/home/fzj/桌面/ppn/PPN-KLULES/cluster/stage2-omp/stage2-omp-s40-b1-kc-cluster-bindcore-secomp-verkc-s40-i20-omp1-2-4-8-15-20260504_065936/kc_omp_np1_t8_s40_i20_bindcore_20260504_065936.slurm.err,/home/fzj/桌面/ppn/PPN-KLULES/cluster/stage2-omp/stage2-omp-s40-b1-kc-cluster-bindcore-secomp-verkc-s40-i20-omp1-2-4-8-15-20260504_065936/manifest.csv
/home/fzj/桌面/ppn/PPN-KLULES/cluster/stage2-omp/stage2-omp-s40-b2-baseline-cluster-bindcore-secomp-verbaseline-s40-i20-omp20-24-28-29-30-20260504_065807,baseline_omp_np1_t20_s40_i20_bindcore_20260504_065807,baseline,omp,1,20,40,20,1.7,770.22268,1.038309e+07,1.164153e-10,PASS,yes,yes,no,no,no,node60,mlx5_0,1,20,/home/fzj/桌面/ppn/PPN-KLULES/cluster/stage2-omp/stage2-omp-s40-b2-baseline-cluster-bindcore-secomp-verbaseline-s40-i20-omp20-24-28-29-30-20260504_065807/baseline_omp_np1_t20_s40_i20_bindcore_20260504_065807.metrics.csv,/home/fzj/桌面/ppn/PPN-KLULES/cluster/stage2-omp/stage2-omp-s40-b2-baseline-cluster-bindcore-secomp-verbaseline-s40-i20-omp20-24-28-29-30-20260504_065807/baseline_omp_np1_t20_s40_i20_bindcore_20260504_065807.log,/home/fzj/桌面/ppn/PPN-KLULES/cluster/stage2-omp/stage2-omp-s40-b2-baseline-cluster-bindcore-secomp-verbaseline-s40-i20-omp20-24-28-29-30-20260504_065807/baseline_omp_np1_t20_s40_i20_bindcore_20260504_065807.slurm.out,/home/fzj/桌面/ppn/PPN-KLULES/cluster/stage2-omp/stage2-omp-s40-b2-baseline-cluster-bindcore-secomp-verbaseline-s40-i20-omp20-24-28-29-30-20260504_065807/baseline_omp_np1_t20_s40_i20_bindcore_20260504_065807.slurm.err,/home/fzj/桌面/ppn/PPN-KLULES/cluster/stage2-omp/stage2-omp-s40-b2-baseline-cluster-bindcore-secomp-verbaseline-s40-i20-omp20-24-28-29-30-20260504_065807/manifest.csv
/home/fzj/桌面/ppn/PPN-KLULES/cluster/stage2-omp/stage2-omp-s40-b2-baseline-cluster-bindcore-secomp-verbaseline-s40-i20-omp20-24-28-29-30-20260504_065807,baseline_omp_np1_t24_s40_i20_bindcore_20260504_065807,baseline,omp,1,24,40,20,1.8,703.93193,1.038309e+07,1.164153e-10,PASS,yes,yes,no,no,no,node60,mlx5_0,1,24,/home/fzj/桌面/ppn/PPN-KLULES/cluster/stage2-omp/stage2-omp-s40-b2-baseline-cluster-bindcore-secomp-verbaseline-s40-i20-omp20-24-28-29-30-20260504_065807/baseline_omp_np1_t24_s40_i20_bindcore_20260504_065807.metrics.csv,/home/fzj/桌面/ppn/PPN-KLULES/cluster/stage2-omp/stage2-omp-s40-b2-baseline-cluster-bindcore-secomp-verbaseline-s40-i20-omp20-24-28-29-30-20260504_065807/baseline_omp_np1_t24_s40_i20_bindcore_20260504_065807.log,/home/fzj/桌面/ppn/PPN-KLULES/cluster/stage2-omp/stage2-omp-s40-b2-baseline-cluster-bindcore-secomp-verbaseline-s40-i20-omp20-24-28-29-30-20260504_065807/baseline_omp_np1_t24_s40_i20_bindcore_20260504_065807.slurm.out,/home/fzj/桌面/ppn/PPN-KLULES/cluster/stage2-omp/stage2-omp-s40-b2-baseline-cluster-bindcore-secomp-verbaseline-s40-i20-omp20-24-28-29-30-20260504_065807/baseline_omp_np1_t24_s40_i20_bindcore_20260504_065807.slurm.err,/home/fzj/桌面/ppn/PPN-KLULES/cluster/stage2-omp/stage2-omp-s40-b2-baseline-cluster-bindcore-secomp-verbaseline-s40-i20-omp20-24-28-29-30-20260504_065807/manifest.csv
/home/fzj/桌面/ppn/PPN-KLULES/cluster/stage2-omp/stage2-omp-s40-b2-baseline-cluster-bindcore-secomp-verbaseline-s40-i20-omp20-24-28-29-30-20260504_065807,baseline_omp_np1_t28_s40_i20_bindcore_20260504_065807,baseline,omp,1,28,40,20,2,635.79343,1.038309e+07,1.164153e-10,PASS,yes,yes,no,no,no,node60,mlx5_0,1,28,/home/fzj/桌面/ppn/PPN-KLULES/cluster/stage2-omp/stage2-omp-s40-b2-baseline-cluster-bindcore-secomp-verbaseline-s40-i20-omp20-24-28-29-30-20260504_065807/baseline_omp_np1_t28_s40_i20_bindcore_20260504_065807.metrics.csv,/home/fzj/桌面/ppn/PPN-KLULES/cluster/stage2-omp/stage2-omp-s40-b2-baseline-cluster-bindcore-secomp-verbaseline-s40-i20-omp20-24-28-29-30-20260504_065807/baseline_omp_np1_t28_s40_i20_bindcore_20260504_065807.log,/home/fzj/桌面/ppn/PPN-KLULES/cluster/stage2-omp/stage2-omp-s40-b2-baseline-cluster-bindcore-secomp-verbaseline-s40-i20-omp20-24-28-29-30-20260504_065807/baseline_omp_np1_t28_s40_i20_bindcore_20260504_065807.slurm.out,/home/fzj/桌面/ppn/PPN-KLULES/cluster/stage2-omp/stage2-omp-s40-b2-baseline-cluster-bindcore-secomp-verbaseline-s40-i20-omp20-24-28-29-30-20260504_065807/baseline_omp_np1_t28_s40_i20_bindcore_20260504_065807.slurm.err,/home/fzj/桌面/ppn/PPN-KLULES/cluster/stage2-omp/stage2-omp-s40-b2-baseline-cluster-bindcore-secomp-verbaseline-s40-i20-omp20-24-28-29-30-20260504_065807/manifest.csv
/home/fzj/桌面/ppn/PPN-KLULES/cluster/stage2-omp/stage2-omp-s40-b2-baseline-cluster-bindcore-secomp-verbaseline-s40-i20-omp20-24-28-29-30-20260504_065807,baseline_omp_np1_t29_s40_i20_bindcore_20260504_065807,baseline,omp,1,29,40,20,2.1,617.53575,1.038309e+07,1.164153e-10,PASS,yes,yes,no,no,no,node60,mlx5_0,1,29,/home/fzj/桌面/ppn/PPN-KLULES/cluster/stage2-omp/stage2-omp-s40-b2-baseline-cluster-bindcore-secomp-verbaseline-s40-i20-omp20-24-28-29-30-20260504_065807/baseline_omp_np1_t29_s40_i20_bindcore_20260504_065807.metrics.csv,/home/fzj/桌面/ppn/PPN-KLULES/cluster/stage2-omp/stage2-omp-s40-b2-baseline-cluster-bindcore-secomp-verbaseline-s40-i20-omp20-24-28-29-30-20260504_065807/baseline_omp_np1_t29_s40_i20_bindcore_20260504_065807.log,/home/fzj/桌面/ppn/PPN-KLULES/cluster/stage2-omp/stage2-omp-s40-b2-baseline-cluster-bindcore-secomp-verbaseline-s40-i20-omp20-24-28-29-30-20260504_065807/baseline_omp_np1_t29_s40_i20_bindcore_20260504_065807.slurm.out,/home/fzj/桌面/ppn/PPN-KLULES/cluster/stage2-omp/stage2-omp-s40-b2-baseline-cluster-bindcore-secomp-verbaseline-s40-i20-omp20-24-28-29-30-20260504_065807/baseline_omp_np1_t29_s40_i20_bindcore_20260504_065807.slurm.err,/home/fzj/桌面/ppn/PPN-KLULES/cluster/stage2-omp/stage2-omp-s40-b2-baseline-cluster-bindcore-secomp-verbaseline-s40-i20-omp20-24-28-29-30-20260504_065807/manifest.csv
/home/fzj/桌面/ppn/PPN-KLULES/cluster/stage2-omp/stage2-omp-s40-b2-baseline-cluster-bindcore-secomp-verbaseline-s40-i20-omp20-24-28-29-30-20260504_065807,baseline_omp_np1_t30_s40_i20_bindcore_20260504_065807,baseline,omp,1,30,40,20,2.1,603.77221,1.038309e+07,1.164153e-10,PASS,yes,yes,no,no,no,node60,mlx5_0,1,30,/home/fzj/桌面/ppn/PPN-KLULES/cluster/stage2-omp/stage2-omp-s40-b2-baseline-cluster-bindcore-secomp-verbaseline-s40-i20-omp20-24-28-29-30-20260504_065807/baseline_omp_np1_t30_s40_i20_bindcore_20260504_065807.metrics.csv,/home/fzj/桌面/ppn/PPN-KLULES/cluster/stage2-omp/stage2-omp-s40-b2-baseline-cluster-bindcore-secomp-verbaseline-s40-i20-omp20-24-28-29-30-20260504_065807/baseline_omp_np1_t30_s40_i20_bindcore_20260504_065807.log,/home/fzj/桌面/ppn/PPN-KLULES/cluster/stage2-omp/stage2-omp-s40-b2-baseline-cluster-bindcore-secomp-verbaseline-s40-i20-omp20-24-28-29-30-20260504_065807/baseline_omp_np1_t30_s40_i20_bindcore_20260504_065807.slurm.out,/home/fzj/桌面/ppn/PPN-KLULES/cluster/stage2-omp/stage2-omp-s40-b2-baseline-cluster-bindcore-secomp-verbaseline-s40-i20-omp20-24-28-29-30-20260504_065807/baseline_omp_np1_t30_s40_i20_bindcore_20260504_065807.slurm.err,/home/fzj/桌面/ppn/PPN-KLULES/cluster/stage2-omp/stage2-omp-s40-b2-baseline-cluster-bindcore-secomp-verbaseline-s40-i20-omp20-24-28-29-30-20260504_065807/manifest.csv
/home/fzj/桌面/ppn/PPN-KLULES/cluster/stage2-omp/stage2-omp-s40-b2-kc-cluster-bindcore-secomp-verkc-s40-i20-omp20-24-28-29-30-20260504_065948,kc_omp_np1_t20_s40_i20_bindcore_20260504_065948,kc,omp,1,20,40,20,0.78,1639.5542,1.038309e+07,1.164153e-10,PASS,yes,yes,no,no,no,node60,mlx5_0,1,20,/home/fzj/桌面/ppn/PPN-KLULES/cluster/stage2-omp/stage2-omp-s40-b2-kc-cluster-bindcore-secomp-verkc-s40-i20-omp20-24-28-29-30-20260504_065948/kc_omp_np1_t20_s40_i20_bindcore_20260504_065948.metrics.csv,/home/fzj/桌面/ppn/PPN-KLULES/cluster/stage2-omp/stage2-omp-s40-b2-kc-cluster-bindcore-secomp-verkc-s40-i20-omp20-24-28-29-30-20260504_065948/kc_omp_np1_t20_s40_i20_bindcore_20260504_065948.log,/home/fzj/桌面/ppn/PPN-KLULES/cluster/stage2-omp/stage2-omp-s40-b2-kc-cluster-bindcore-secomp-verkc-s40-i20-omp20-24-28-29-30-20260504_065948/kc_omp_np1_t20_s40_i20_bindcore_20260504_065948.slurm.out,/home/fzj/桌面/ppn/PPN-KLULES/cluster/stage2-omp/stage2-omp-s40-b2-kc-cluster-bindcore-secomp-verkc-s40-i20-omp20-24-28-29-30-20260504_065948/kc_omp_np1_t20_s40_i20_bindcore_20260504_065948.slurm.err,/home/fzj/桌面/ppn/PPN-KLULES/cluster/stage2-omp/stage2-omp-s40-b2-kc-cluster-bindcore-secomp-verkc-s40-i20-omp20-24-28-29-30-20260504_065948/manifest.csv
/home/fzj/桌面/ppn/PPN-KLULES/cluster/stage2-omp/stage2-omp-s40-b2-kc-cluster-bindcore-secomp-verkc-s40-i20-omp20-24-28-29-30-20260504_065948,kc_omp_np1_t24_s40_i20_bindcore_20260504_065948,kc,omp,1,24,40,20,0.80,1592.2794,1.038309e+07,1.164153e-10,PASS,yes,yes,no,no,no,node60,mlx5_0,1,24,/home/fzj/桌面/ppn/PPN-KLULES/cluster/stage2-omp/stage2-omp-s40-b2-kc-cluster-bindcore-secomp-verkc-s40-i20-omp20-24-28-29-30-20260504_065948/kc_omp_np1_t24_s40_i20_bindcore_20260504_065948.metrics.csv,/home/fzj/桌面/ppn/PPN-KLULES/cluster/stage2-omp/stage2-omp-s40-b2-kc-cluster-bindcore-secomp-verkc-s40-i20-omp20-24-28-29-30-20260504_065948/kc_omp_np1_t24_s40_i20_bindcore_20260504_065948.log,/home/fzj/桌面/ppn/PPN-KLULES/cluster/stage2-omp/stage2-omp-s40-b2-kc-cluster-bindcore-secomp-verkc-s40-i20-omp20-24-28-29-30-20260504_065948/kc_omp_np1_t24_s40_i20_bindcore_20260504_065948.slurm.out,/home/fzj/桌面/ppn/PPN-KLULES/cluster/stage2-omp/stage2-omp-s40-b2-kc-cluster-bindcore-secomp-verkc-s40-i20-omp20-24-28-29-30-20260504_065948/kc_omp_np1_t24_s40_i20_bindcore_20260504_065948.slurm.err,/home/fzj/桌面/ppn/PPN-KLULES/cluster/stage2-omp/stage2-omp-s40-b2-kc-cluster-bindcore-secomp-verkc-s40-i20-omp20-24-28-29-30-20260504_065948/manifest.csv
/home/fzj/桌面/ppn/PPN-KLULES/cluster/stage2-omp/stage2-omp-s40-b2-kc-cluster-bindcore-secomp-verkc-s40-i20-omp20-24-28-29-30-20260504_065948,kc_omp_np1_t28_s40_i20_bindcore_20260504_065948,kc,omp,1,28,40,20,0.85,1510.738,1.038309e+07,1.164153e-10,PASS,yes,yes,no,no,no,node60,mlx5_0,1,28,/home/fzj/桌面/ppn/PPN-KLULES/cluster/stage2-omp/stage2-omp-s40-b2-kc-cluster-bindcore-secomp-verkc-s40-i20-omp20-24-28-29-30-20260504_065948/kc_omp_np1_t28_s40_i20_bindcore_20260504_065948.metrics.csv,/home/fzj/桌面/ppn/PPN-KLULES/cluster/stage2-omp/stage2-omp-s40-b2-kc-cluster-bindcore-secomp-verkc-s40-i20-omp20-24-28-29-30-20260504_065948/kc_omp_np1_t28_s40_i20_bindcore_20260504_065948.log,/home/fzj/桌面/ppn/PPN-KLULES/cluster/stage2-omp/stage2-omp-s40-b2-kc-cluster-bindcore-secomp-verkc-s40-i20-omp20-24-28-29-30-20260504_065948/kc_omp_np1_t28_s40_i20_bindcore_20260504_065948.slurm.out,/home/fzj/桌面/ppn/PPN-KLULES/cluster/stage2-omp/stage2-omp-s40-b2-kc-cluster-bindcore-secomp-verkc-s40-i20-omp20-24-28-29-30-20260504_065948/kc_omp_np1_t28_s40_i20_bindcore_20260504_065948.slurm.err,/home/fzj/桌面/ppn/PPN-KLULES/cluster/stage2-omp/stage2-omp-s40-b2-kc-cluster-bindcore-secomp-verkc-s40-i20-omp20-24-28-29-30-20260504_065948/manifest.csv
/home/fzj/桌面/ppn/PPN-KLULES/cluster/stage2-omp/stage2-omp-s40-b2-kc-cluster-bindcore-secomp-verkc-s40-i20-omp20-24-28-29-30-20260504_065948,kc_omp_np1_t29_s40_i20_bindcore_20260504_065948,kc,omp,1,29,40,20,0.86,1490.084,1.038309e+07,1.164153e-10,PASS,yes,yes,no,no,no,node60,mlx5_0,1,29,/home/fzj/桌面/ppn/PPN-KLULES/cluster/stage2-omp/stage2-omp-s40-b2-kc-cluster-bindcore-secomp-verkc-s40-i20-omp20-24-28-29-30-20260504_065948/kc_omp_np1_t29_s40_i20_bindcore_20260504_065948.metrics.csv,/home/fzj/桌面/ppn/PPN-KLULES/cluster/stage2-omp/stage2-omp-s40-b2-kc-cluster-bindcore-secomp-verkc-s40-i20-omp20-24-28-29-30-20260504_065948/kc_omp_np1_t29_s40_i20_bindcore_20260504_065948.log,/home/fzj/桌面/ppn/PPN-KLULES/cluster/stage2-omp/stage2-omp-s40-b2-kc-cluster-bindcore-secomp-verkc-s40-i20-omp20-24-28-29-30-20260504_065948/kc_omp_np1_t29_s40_i20_bindcore_20260504_065948.slurm.out,/home/fzj/桌面/ppn/PPN-KLULES/cluster/stage2-omp/stage2-omp-s40-b2-kc-cluster-bindcore-secomp-verkc-s40-i20-omp20-24-28-29-30-20260504_065948/kc_omp_np1_t29_s40_i20_bindcore_20260504_065948.slurm.err,/home/fzj/桌面/ppn/PPN-KLULES/cluster/stage2-omp/stage2-omp-s40-b2-kc-cluster-bindcore-secomp-verkc-s40-i20-omp20-24-28-29-30-20260504_065948/manifest.csv
/home/fzj/桌面/ppn/PPN-KLULES/cluster/stage2-omp/stage2-omp-s40-b2-kc-cluster-bindcore-secomp-verkc-s40-i20-omp20-24-28-29-30-20260504_065948,kc_omp_np1_t30_s40_i20_bindcore_20260504_065948,kc,omp,1,30,40,20,0.85,1503.3391,1.038309e+07,1.164153e-10,PASS,yes,yes,no,no,no,node60,mlx5_0,1,30,/home/fzj/桌面/ppn/PPN-KLULES/cluster/stage2-omp/stage2-omp-s40-b2-kc-cluster-bindcore-secomp-verkc-s40-i20-omp20-24-28-29-30-20260504_065948/kc_omp_np1_t30_s40_i20_bindcore_20260504_065948.metrics.csv,/home/fzj/桌面/ppn/PPN-KLULES/cluster/stage2-omp/stage2-omp-s40-b2-kc-cluster-bindcore-secomp-verkc-s40-i20-omp20-24-28-29-30-20260504_065948/kc_omp_np1_t30_s40_i20_bindcore_20260504_065948.log,/home/fzj/桌面/ppn/PPN-KLULES/cluster/stage2-omp/stage2-omp-s40-b2-kc-cluster-bindcore-secomp-verkc-s40-i20-omp20-24-28-29-30-20260504_065948/kc_omp_np1_t30_s40_i20_bindcore_20260504_065948.slurm.out,/home/fzj/桌面/ppn/PPN-KLULES/cluster/stage2-omp/stage2-omp-s40-b2-kc-cluster-bindcore-secomp-verkc-s40-i20-omp20-24-28-29-30-20260504_065948/kc_omp_np1_t30_s40_i20_bindcore_20260504_065948.slurm.err,/home/fzj/桌面/ppn/PPN-KLULES/cluster/stage2-omp/stage2-omp-s40-b2-kc-cluster-bindcore-secomp-verkc-s40-i20-omp20-24-28-29-30-20260504_065948/manifest.csv
/home/fzj/桌面/ppn/PPN-KLULES/cluster/stage2-omp/stage2-omp-s40-b3-baseline-cluster-bindcore-secomp-verbaseline-s40-i20-omp31-32-36-40-20260504_065824,baseline_omp_np1_t31_s40_i20_bindcore_20260504_065824,baseline,omp,1,31,40,20,2.2,591.69918,1.038309e+07,1.164153e-10,PASS,yes,yes,no,no,no,node60,mlx5_0,1,31,/home/fzj/桌面/ppn/PPN-KLULES/cluster/stage2-omp/stage2-omp-s40-b3-baseline-cluster-bindcore-secomp-verbaseline-s40-i20-omp31-32-36-40-20260504_065824/baseline_omp_np1_t31_s40_i20_bindcore_20260504_065824.metrics.csv,/home/fzj/桌面/ppn/PPN-KLULES/cluster/stage2-omp/stage2-omp-s40-b3-baseline-cluster-bindcore-secomp-verbaseline-s40-i20-omp31-32-36-40-20260504_065824/baseline_omp_np1_t31_s40_i20_bindcore_20260504_065824.log,/home/fzj/桌面/ppn/PPN-KLULES/cluster/stage2-omp/stage2-omp-s40-b3-baseline-cluster-bindcore-secomp-verbaseline-s40-i20-omp31-32-36-40-20260504_065824/baseline_omp_np1_t31_s40_i20_bindcore_20260504_065824.slurm.out,/home/fzj/桌面/ppn/PPN-KLULES/cluster/stage2-omp/stage2-omp-s40-b3-baseline-cluster-bindcore-secomp-verbaseline-s40-i20-omp31-32-36-40-20260504_065824/baseline_omp_np1_t31_s40_i20_bindcore_20260504_065824.slurm.err,/home/fzj/桌面/ppn/PPN-KLULES/cluster/stage2-omp/stage2-omp-s40-b3-baseline-cluster-bindcore-secomp-verbaseline-s40-i20-omp31-32-36-40-20260504_065824/manifest.csv
/home/fzj/桌面/ppn/PPN-KLULES/cluster/stage2-omp/stage2-omp-s40-b3-baseline-cluster-bindcore-secomp-verbaseline-s40-i20-omp31-32-36-40-20260504_065824,baseline_omp_np1_t32_s40_i20_bindcore_20260504_065824,baseline,omp,1,32,40,20,2.2,579.74368,1.038309e+07,1.164153e-10,PASS,yes,yes,no,no,no,node60,mlx5_0,1,32,/home/fzj/桌面/ppn/PPN-KLULES/cluster/stage2-omp/stage2-omp-s40-b3-baseline-cluster-bindcore-secomp-verbaseline-s40-i20-omp31-32-36-40-20260504_065824/baseline_omp_np1_t32_s40_i20_bindcore_20260504_065824.metrics.csv,/home/fzj/桌面/ppn/PPN-KLULES/cluster/stage2-omp/stage2-omp-s40-b3-baseline-cluster-bindcore-secomp-verbaseline-s40-i20-omp31-32-36-40-20260504_065824/baseline_omp_np1_t32_s40_i20_bindcore_20260504_065824.log,/home/fzj/桌面/ppn/PPN-KLULES/cluster/stage2-omp/stage2-omp-s40-b3-baseline-cluster-bindcore-secomp-verbaseline-s40-i20-omp31-32-36-40-20260504_065824/baseline_omp_np1_t32_s40_i20_bindcore_20260504_065824.slurm.out,/home/fzj/桌面/ppn/PPN-KLULES/cluster/stage2-omp/stage2-omp-s40-b3-baseline-cluster-bindcore-secomp-verbaseline-s40-i20-omp31-32-36-40-20260504_065824/baseline_omp_np1_t32_s40_i20_bindcore_20260504_065824.slurm.err,/home/fzj/桌面/ppn/PPN-KLULES/cluster/stage2-omp/stage2-omp-s40-b3-baseline-cluster-bindcore-secomp-verbaseline-s40-i20-omp31-32-36-40-20260504_065824/manifest.csv
/home/fzj/桌面/ppn/PPN-KLULES/cluster/stage2-omp/stage2-omp-s40-b3-baseline-cluster-bindcore-secomp-verbaseline-s40-i20-omp31-32-36-40-20260504_065824,baseline_omp_np1_t36_s40_i20_bindcore_20260504_065824,baseline,omp,1,36,40,20,2.4,527.70207,1.038309e+07,1.164153e-10,PASS,yes,yes,no,no,no,node60,mlx5_0,1,36,/home/fzj/桌面/ppn/PPN-KLULES/cluster/stage2-omp/stage2-omp-s40-b3-baseline-cluster-bindcore-secomp-verbaseline-s40-i20-omp31-32-36-40-20260504_065824/baseline_omp_np1_t36_s40_i20_bindcore_20260504_065824.metrics.csv,/home/fzj/桌面/ppn/PPN-KLULES/cluster/stage2-omp/stage2-omp-s40-b3-baseline-cluster-bindcore-secomp-verbaseline-s40-i20-omp31-32-36-40-20260504_065824/baseline_omp_np1_t36_s40_i20_bindcore_20260504_065824.log,/home/fzj/桌面/ppn/PPN-KLULES/cluster/stage2-omp/stage2-omp-s40-b3-baseline-cluster-bindcore-secomp-verbaseline-s40-i20-omp31-32-36-40-20260504_065824/baseline_omp_np1_t36_s40_i20_bindcore_20260504_065824.slurm.out,/home/fzj/桌面/ppn/PPN-KLULES/cluster/stage2-omp/stage2-omp-s40-b3-baseline-cluster-bindcore-secomp-verbaseline-s40-i20-omp31-32-36-40-20260504_065824/baseline_omp_np1_t36_s40_i20_bindcore_20260504_065824.slurm.err,/home/fzj/桌面/ppn/PPN-KLULES/cluster/stage2-omp/stage2-omp-s40-b3-baseline-cluster-bindcore-secomp-verbaseline-s40-i20-omp31-32-36-40-20260504_065824/manifest.csv
/home/fzj/桌面/ppn/PPN-KLULES/cluster/stage2-omp/stage2-omp-s40-b3-baseline-cluster-bindcore-secomp-verbaseline-s40-i20-omp31-32-36-40-20260504_065824,baseline_omp_np1_t40_s40_i20_bindcore_20260504_065824,baseline,omp,1,40,40,20,2.6,491.17079,1.038309e+07,1.164153e-10,PASS,yes,yes,no,no,no,node60,mlx5_0,1,40,/home/fzj/桌面/ppn/PPN-KLULES/cluster/stage2-omp/stage2-omp-s40-b3-baseline-cluster-bindcore-secomp-verbaseline-s40-i20-omp31-32-36-40-20260504_065824/baseline_omp_np1_t40_s40_i20_bindcore_20260504_065824.metrics.csv,/home/fzj/桌面/ppn/PPN-KLULES/cluster/stage2-omp/stage2-omp-s40-b3-baseline-cluster-bindcore-secomp-verbaseline-s40-i20-omp31-32-36-40-20260504_065824/baseline_omp_np1_t40_s40_i20_bindcore_20260504_065824.log,/home/fzj/桌面/ppn/PPN-KLULES/cluster/stage2-omp/stage2-omp-s40-b3-baseline-cluster-bindcore-secomp-verbaseline-s40-i20-omp31-32-36-40-20260504_065824/baseline_omp_np1_t40_s40_i20_bindcore_20260504_065824.slurm.out,/home/fzj/桌面/ppn/PPN-KLULES/cluster/stage2-omp/stage2-omp-s40-b3-baseline-cluster-bindcore-secomp-verbaseline-s40-i20-omp31-32-36-40-20260504_065824/baseline_omp_np1_t40_s40_i20_bindcore_20260504_065824.slurm.err,/home/fzj/桌面/ppn/PPN-KLULES/cluster/stage2-omp/stage2-omp-s40-b3-baseline-cluster-bindcore-secomp-verbaseline-s40-i20-omp31-32-36-40-20260504_065824/manifest.csv
/home/fzj/桌面/ppn/PPN-KLULES/cluster/stage2-omp/stage2-omp-s40-b3-kc-cluster-bindcore-secomp-verkc-s40-i20-omp31-32-36-40-20260504_070005,kc_omp_np1_t31_s40_i20_bindcore_20260504_070005,kc,omp,1,31,40,20,0.92,1388.5062,1.038309e+07,1.164153e-10,PASS,yes,yes,no,no,no,node60,mlx5_0,1,31,/home/fzj/桌面/ppn/PPN-KLULES/cluster/stage2-omp/stage2-omp-s40-b3-kc-cluster-bindcore-secomp-verkc-s40-i20-omp31-32-36-40-20260504_070005/kc_omp_np1_t31_s40_i20_bindcore_20260504_070005.metrics.csv,/home/fzj/桌面/ppn/PPN-KLULES/cluster/stage2-omp/stage2-omp-s40-b3-kc-cluster-bindcore-secomp-verkc-s40-i20-omp31-32-36-40-20260504_070005/kc_omp_np1_t31_s40_i20_bindcore_20260504_070005.log,/home/fzj/桌面/ppn/PPN-KLULES/cluster/stage2-omp/stage2-omp-s40-b3-kc-cluster-bindcore-secomp-verkc-s40-i20-omp31-32-36-40-20260504_070005/kc_omp_np1_t31_s40_i20_bindcore_20260504_070005.slurm.out,/home/fzj/桌面/ppn/PPN-KLULES/cluster/stage2-omp/stage2-omp-s40-b3-kc-cluster-bindcore-secomp-verkc-s40-i20-omp31-32-36-40-20260504_070005/kc_omp_np1_t31_s40_i20_bindcore_20260504_070005.slurm.err,/home/fzj/桌面/ppn/PPN-KLULES/cluster/stage2-omp/stage2-omp-s40-b3-kc-cluster-bindcore-secomp-verkc-s40-i20-omp31-32-36-40-20260504_070005/manifest.csv
/home/fzj/桌面/ppn/PPN-KLULES/cluster/stage2-omp/stage2-omp-s40-b3-kc-cluster-bindcore-secomp-verkc-s40-i20-omp31-32-36-40-20260504_070005,kc_omp_np1_t32_s40_i20_bindcore_20260504_070005,kc,omp,1,32,40,20,0.92,1393.6554,1.038309e+07,1.164153e-10,PASS,yes,yes,no,no,no,node60,mlx5_0,1,32,/home/fzj/桌面/ppn/PPN-KLULES/cluster/stage2-omp/stage2-omp-s40-b3-kc-cluster-bindcore-secomp-verkc-s40-i20-omp31-32-36-40-20260504_070005/kc_omp_np1_t32_s40_i20_bindcore_20260504_070005.metrics.csv,/home/fzj/桌面/ppn/PPN-KLULES/cluster/stage2-omp/stage2-omp-s40-b3-kc-cluster-bindcore-secomp-verkc-s40-i20-omp31-32-36-40-20260504_070005/kc_omp_np1_t32_s40_i20_bindcore_20260504_070005.log,/home/fzj/桌面/ppn/PPN-KLULES/cluster/stage2-omp/stage2-omp-s40-b3-kc-cluster-bindcore-secomp-verkc-s40-i20-omp31-32-36-40-20260504_070005/kc_omp_np1_t32_s40_i20_bindcore_20260504_070005.slurm.out,/home/fzj/桌面/ppn/PPN-KLULES/cluster/stage2-omp/stage2-omp-s40-b3-kc-cluster-bindcore-secomp-verkc-s40-i20-omp31-32-36-40-20260504_070005/kc_omp_np1_t32_s40_i20_bindcore_20260504_070005.slurm.err,/home/fzj/桌面/ppn/PPN-KLULES/cluster/stage2-omp/stage2-omp-s40-b3-kc-cluster-bindcore-secomp-verkc-s40-i20-omp31-32-36-40-20260504_070005/manifest.csv
/home/fzj/桌面/ppn/PPN-KLULES/cluster/stage2-omp/stage2-omp-s40-b3-kc-cluster-bindcore-secomp-verkc-s40-i20-omp31-32-36-40-20260504_070005,kc_omp_np1_t36_s40_i20_bindcore_20260504_070005,kc,omp,1,36,40,20,0.97,1322.0764,1.038309e+07,1.164153e-10,PASS,yes,yes,no,no,no,node60,mlx5_0,1,36,/home/fzj/桌面/ppn/PPN-KLULES/cluster/stage2-omp/stage2-omp-s40-b3-kc-cluster-bindcore-secomp-verkc-s40-i20-omp31-32-36-40-20260504_070005/kc_omp_np1_t36_s40_i20_bindcore_20260504_070005.metrics.csv,/home/fzj/桌面/ppn/PPN-KLULES/cluster/stage2-omp/stage2-omp-s40-b3-kc-cluster-bindcore-secomp-verkc-s40-i20-omp31-32-36-40-20260504_070005/kc_omp_np1_t36_s40_i20_bindcore_20260504_070005.log,/home/fzj/桌面/ppn/PPN-KLULES/cluster/stage2-omp/stage2-omp-s40-b3-kc-cluster-bindcore-secomp-verkc-s40-i20-omp31-32-36-40-20260504_070005/kc_omp_np1_t36_s40_i20_bindcore_20260504_070005.slurm.out,/home/fzj/桌面/ppn/PPN-KLULES/cluster/stage2-omp/stage2-omp-s40-b3-kc-cluster-bindcore-secomp-verkc-s40-i20-omp31-32-36-40-20260504_070005/kc_omp_np1_t36_s40_i20_bindcore_20260504_070005.slurm.err,/home/fzj/桌面/ppn/PPN-KLULES/cluster/stage2-omp/stage2-omp-s40-b3-kc-cluster-bindcore-secomp-verkc-s40-i20-omp31-32-36-40-20260504_070005/manifest.csv
/home/fzj/桌面/ppn/PPN-KLULES/cluster/stage2-omp/stage2-omp-s40-b3-kc-cluster-bindcore-secomp-verkc-s40-i20-omp31-32-36-40-20260504_070005,kc_omp_np1_t40_s40_i20_bindcore_20260504_070005,kc,omp,1,40,40,20,0.98,1310.824,1.038309e+07,1.164153e-10,PASS,yes,yes,no,no,no,node60,mlx5_0,1,40,/home/fzj/桌面/ppn/PPN-KLULES/cluster/stage2-omp/stage2-omp-s40-b3-kc-cluster-bindcore-secomp-verkc-s40-i20-omp31-32-36-40-20260504_070005/kc_omp_np1_t40_s40_i20_bindcore_20260504_070005.metrics.csv,/home/fzj/桌面/ppn/PPN-KLULES/cluster/stage2-omp/stage2-omp-s40-b3-kc-cluster-bindcore-secomp-verkc-s40-i20-omp31-32-36-40-20260504_070005/kc_omp_np1_t40_s40_i20_bindcore_20260504_070005.log,/home/fzj/桌面/ppn/PPN-KLULES/cluster/stage2-omp/stage2-omp-s40-b3-kc-cluster-bindcore-secomp-verkc-s40-i20-omp31-32-36-40-20260504_070005/kc_omp_np1_t40_s40_i20_bindcore_20260504_070005.slurm.out,/home/fzj/桌面/ppn/PPN-KLULES/cluster/stage2-omp/stage2-omp-s40-b3-kc-cluster-bindcore-secomp-verkc-s40-i20-omp31-32-36-40-20260504_070005/kc_omp_np1_t40_s40_i20_bindcore_20260504_070005.slurm.err,/home/fzj/桌面/ppn/PPN-KLULES/cluster/stage2-omp/stage2-omp-s40-b3-kc-cluster-bindcore-secomp-verkc-s40-i20-omp31-32-36-40-20260504_070005/manifest.csv
/home/fzj/桌面/ppn/PPN-KLULES/cluster/stage2-omp/stage2-omp-s40-b4-baseline-cluster-bindcore-secomp-verbaseline-s40-i20-omp58-59-60-61-62-20260504_065842,baseline_omp_np1_t58_s40_i20_bindcore_20260504_065842,baseline,omp,1,58,40,20,3.4,371.97198,1.038309e+07,1.164153e-10,PASS,yes,yes,no,no,no,node60,mlx5_0,1,58,/home/fzj/桌面/ppn/PPN-KLULES/cluster/stage2-omp/stage2-omp-s40-b4-baseline-cluster-bindcore-secomp-verbaseline-s40-i20-omp58-59-60-61-62-20260504_065842/baseline_omp_np1_t58_s40_i20_bindcore_20260504_065842.metrics.csv,/home/fzj/桌面/ppn/PPN-KLULES/cluster/stage2-omp/stage2-omp-s40-b4-baseline-cluster-bindcore-secomp-verbaseline-s40-i20-omp58-59-60-61-62-20260504_065842/baseline_omp_np1_t58_s40_i20_bindcore_20260504_065842.log,/home/fzj/桌面/ppn/PPN-KLULES/cluster/stage2-omp/stage2-omp-s40-b4-baseline-cluster-bindcore-secomp-verbaseline-s40-i20-omp58-59-60-61-62-20260504_065842/baseline_omp_np1_t58_s40_i20_bindcore_20260504_065842.slurm.out,/home/fzj/桌面/ppn/PPN-KLULES/cluster/stage2-omp/stage2-omp-s40-b4-baseline-cluster-bindcore-secomp-verbaseline-s40-i20-omp58-59-60-61-62-20260504_065842/baseline_omp_np1_t58_s40_i20_bindcore_20260504_065842.slurm.err,/home/fzj/桌面/ppn/PPN-KLULES/cluster/stage2-omp/stage2-omp-s40-b4-baseline-cluster-bindcore-secomp-verbaseline-s40-i20-omp58-59-60-61-62-20260504_065842/manifest.csv
/home/fzj/桌面/ppn/PPN-KLULES/cluster/stage2-omp/stage2-omp-s40-b4-baseline-cluster-bindcore-secomp-verbaseline-s40-i20-omp58-59-60-61-62-20260504_065842,baseline_omp_np1_t59_s40_i20_bindcore_20260504_065842,baseline,omp,1,59,40,20,3.5,369.44835,1.038309e+07,1.164153e-10,PASS,yes,yes,no,no,no,node60,mlx5_0,1,59,/home/fzj/桌面/ppn/PPN-KLULES/cluster/stage2-omp/stage2-omp-s40-b4-baseline-cluster-bindcore-secomp-verbaseline-s40-i20-omp58-59-60-61-62-20260504_065842/baseline_omp_np1_t59_s40_i20_bindcore_20260504_065842.metrics.csv,/home/fzj/桌面/ppn/PPN-KLULES/cluster/stage2-omp/stage2-omp-s40-b4-baseline-cluster-bindcore-secomp-verbaseline-s40-i20-omp58-59-60-61-62-20260504_065842/baseline_omp_np1_t59_s40_i20_bindcore_20260504_065842.log,/home/fzj/桌面/ppn/PPN-KLULES/cluster/stage2-omp/stage2-omp-s40-b4-baseline-cluster-bindcore-secomp-verbaseline-s40-i20-omp58-59-60-61-62-20260504_065842/baseline_omp_np1_t59_s40_i20_bindcore_20260504_065842.slurm.out,/home/fzj/桌面/ppn/PPN-KLULES/cluster/stage2-omp/stage2-omp-s40-b4-baseline-cluster-bindcore-secomp-verbaseline-s40-i20-omp58-59-60-61-62-20260504_065842/baseline_omp_np1_t59_s40_i20_bindcore_20260504_065842.slurm.err,/home/fzj/桌面/ppn/PPN-KLULES/cluster/stage2-omp/stage2-omp-s40-b4-baseline-cluster-bindcore-secomp-verbaseline-s40-i20-omp58-59-60-61-62-20260504_065842/manifest.csv
/home/fzj/桌面/ppn/PPN-KLULES/cluster/stage2-omp/stage2-omp-s40-b4-baseline-cluster-bindcore-secomp-verbaseline-s40-i20-omp58-59-60-61-62-20260504_065842,baseline_omp_np1_t60_s40_i20_bindcore_20260504_065842,baseline,omp,1,60,40,20,3.5,363.22172,1.038309e+07,1.164153e-10,PASS,yes,yes,no,no,no,node60,mlx5_0,1,60,/home/fzj/桌面/ppn/PPN-KLULES/cluster/stage2-omp/stage2-omp-s40-b4-baseline-cluster-bindcore-secomp-verbaseline-s40-i20-omp58-59-60-61-62-20260504_065842/baseline_omp_np1_t60_s40_i20_bindcore_20260504_065842.metrics.csv,/home/fzj/桌面/ppn/PPN-KLULES/cluster/stage2-omp/stage2-omp-s40-b4-baseline-cluster-bindcore-secomp-verbaseline-s40-i20-omp58-59-60-61-62-20260504_065842/baseline_omp_np1_t60_s40_i20_bindcore_20260504_065842.log,/home/fzj/桌面/ppn/PPN-KLULES/cluster/stage2-omp/stage2-omp-s40-b4-baseline-cluster-bindcore-secomp-verbaseline-s40-i20-omp58-59-60-61-62-20260504_065842/baseline_omp_np1_t60_s40_i20_bindcore_20260504_065842.slurm.out,/home/fzj/桌面/ppn/PPN-KLULES/cluster/stage2-omp/stage2-omp-s40-b4-baseline-cluster-bindcore-secomp-verbaseline-s40-i20-omp58-59-60-61-62-20260504_065842/baseline_omp_np1_t60_s40_i20_bindcore_20260504_065842.slurm.err,/home/fzj/桌面/ppn/PPN-KLULES/cluster/stage2-omp/stage2-omp-s40-b4-baseline-cluster-bindcore-secomp-verbaseline-s40-i20-omp58-59-60-61-62-20260504_065842/manifest.csv
/home/fzj/桌面/ppn/PPN-KLULES/cluster/stage2-omp/stage2-omp-s40-b4-baseline-cluster-bindcore-secomp-verbaseline-s40-i20-omp58-59-60-61-62-20260504_065842,baseline_omp_np1_t61_s40_i20_bindcore_20260504_065842,baseline,omp,1,61,40,20,3.6,354.83756,1.038309e+07,1.164153e-10,PASS,yes,yes,no,no,no,node60,mlx5_0,1,61,/home/fzj/桌面/ppn/PPN-KLULES/cluster/stage2-omp/stage2-omp-s40-b4-baseline-cluster-bindcore-secomp-verbaseline-s40-i20-omp58-59-60-61-62-20260504_065842/baseline_omp_np1_t61_s40_i20_bindcore_20260504_065842.metrics.csv,/home/fzj/桌面/ppn/PPN-KLULES/cluster/stage2-omp/stage2-omp-s40-b4-baseline-cluster-bindcore-secomp-verbaseline-s40-i20-omp58-59-60-61-62-20260504_065842/baseline_omp_np1_t61_s40_i20_bindcore_20260504_065842.log,/home/fzj/桌面/ppn/PPN-KLULES/cluster/stage2-omp/stage2-omp-s40-b4-baseline-cluster-bindcore-secomp-verbaseline-s40-i20-omp58-59-60-61-62-20260504_065842/baseline_omp_np1_t61_s40_i20_bindcore_20260504_065842.slurm.out,/home/fzj/桌面/ppn/PPN-KLULES/cluster/stage2-omp/stage2-omp-s40-b4-baseline-cluster-bindcore-secomp-verbaseline-s40-i20-omp58-59-60-61-62-20260504_065842/baseline_omp_np1_t61_s40_i20_bindcore_20260504_065842.slurm.err,/home/fzj/桌面/ppn/PPN-KLULES/cluster/stage2-omp/stage2-omp-s40-b4-baseline-cluster-bindcore-secomp-verbaseline-s40-i20-omp58-59-60-61-62-20260504_065842/manifest.csv
/home/fzj/桌面/ppn/PPN-KLULES/cluster/stage2-omp/stage2-omp-s40-b4-baseline-cluster-bindcore-secomp-verbaseline-s40-i20-omp58-59-60-61-62-20260504_065842,baseline_omp_np1_t62_s40_i20_bindcore_20260504_065842,baseline,omp,1,62,40,20,3.6,353.02754,1.038309e+07,1.164153e-10,PASS,yes,yes,no,no,no,node60,mlx5_0,1,62,/home/fzj/桌面/ppn/PPN-KLULES/cluster/stage2-omp/stage2-omp-s40-b4-baseline-cluster-bindcore-secomp-verbaseline-s40-i20-omp58-59-60-61-62-20260504_065842/baseline_omp_np1_t62_s40_i20_bindcore_20260504_065842.metrics.csv,/home/fzj/桌面/ppn/PPN-KLULES/cluster/stage2-omp/stage2-omp-s40-b4-baseline-cluster-bindcore-secomp-verbaseline-s40-i20-omp58-59-60-61-62-20260504_065842/baseline_omp_np1_t62_s40_i20_bindcore_20260504_065842.log,/home/fzj/桌面/ppn/PPN-KLULES/cluster/stage2-omp/stage2-omp-s40-b4-baseline-cluster-bindcore-secomp-verbaseline-s40-i20-omp58-59-60-61-62-20260504_065842/baseline_omp_np1_t62_s40_i20_bindcore_20260504_065842.slurm.out,/home/fzj/桌面/ppn/PPN-KLULES/cluster/stage2-omp/stage2-omp-s40-b4-baseline-cluster-bindcore-secomp-verbaseline-s40-i20-omp58-59-60-61-62-20260504_065842/baseline_omp_np1_t62_s40_i20_bindcore_20260504_065842.slurm.err,/home/fzj/桌面/ppn/PPN-KLULES/cluster/stage2-omp/stage2-omp-s40-b4-baseline-cluster-bindcore-secomp-verbaseline-s40-i20-omp58-59-60-61-62-20260504_065842/manifest.csv
/home/fzj/桌面/ppn/PPN-KLULES/cluster/stage2-omp/stage2-omp-s40-b4-kc-cluster-bindcore-secomp-verkc-s40-i20-omp58-59-60-61-62-20260504_070018,kc_omp_np1_t58_s40_i20_bindcore_20260504_070018,kc,omp,1,58,40,20,1.15,1114.6816,1.038309e+07,1.164153e-10,PASS,yes,yes,no,no,no,node60,mlx5_0,1,58,/home/fzj/桌面/ppn/PPN-KLULES/cluster/stage2-omp/stage2-omp-s40-b4-kc-cluster-bindcore-secomp-verkc-s40-i20-omp58-59-60-61-62-20260504_070018/kc_omp_np1_t58_s40_i20_bindcore_20260504_070018.metrics.csv,/home/fzj/桌面/ppn/PPN-KLULES/cluster/stage2-omp/stage2-omp-s40-b4-kc-cluster-bindcore-secomp-verkc-s40-i20-omp58-59-60-61-62-20260504_070018/kc_omp_np1_t58_s40_i20_bindcore_20260504_070018.log,/home/fzj/桌面/ppn/PPN-KLULES/cluster/stage2-omp/stage2-omp-s40-b4-kc-cluster-bindcore-secomp-verkc-s40-i20-omp58-59-60-61-62-20260504_070018/kc_omp_np1_t58_s40_i20_bindcore_20260504_070018.slurm.out,/home/fzj/桌面/ppn/PPN-KLULES/cluster/stage2-omp/stage2-omp-s40-b4-kc-cluster-bindcore-secomp-verkc-s40-i20-omp58-59-60-61-62-20260504_070018/kc_omp_np1_t58_s40_i20_bindcore_20260504_070018.slurm.err,/home/fzj/桌面/ppn/PPN-KLULES/cluster/stage2-omp/stage2-omp-s40-b4-kc-cluster-bindcore-secomp-verkc-s40-i20-omp58-59-60-61-62-20260504_070018/manifest.csv
/home/fzj/桌面/ppn/PPN-KLULES/cluster/stage2-omp/stage2-omp-s40-b4-kc-cluster-bindcore-secomp-verkc-s40-i20-omp58-59-60-61-62-20260504_070018,kc_omp_np1_t59_s40_i20_bindcore_20260504_070018,kc,omp,1,59,40,20,1.20,1062.4602,1.038309e+07,1.164153e-10,PASS,yes,yes,no,no,no,node60,mlx5_0,1,59,/home/fzj/桌面/ppn/PPN-KLULES/cluster/stage2-omp/stage2-omp-s40-b4-kc-cluster-bindcore-secomp-verkc-s40-i20-omp58-59-60-61-62-20260504_070018/kc_omp_np1_t59_s40_i20_bindcore_20260504_070018.metrics.csv,/home/fzj/桌面/ppn/PPN-KLULES/cluster/stage2-omp/stage2-omp-s40-b4-kc-cluster-bindcore-secomp-verkc-s40-i20-omp58-59-60-61-62-20260504_070018/kc_omp_np1_t59_s40_i20_bindcore_20260504_070018.log,/home/fzj/桌面/ppn/PPN-KLULES/cluster/stage2-omp/stage2-omp-s40-b4-kc-cluster-bindcore-secomp-verkc-s40-i20-omp58-59-60-61-62-20260504_070018/kc_omp_np1_t59_s40_i20_bindcore_20260504_070018.slurm.out,/home/fzj/桌面/ppn/PPN-KLULES/cluster/stage2-omp/stage2-omp-s40-b4-kc-cluster-bindcore-secomp-verkc-s40-i20-omp58-59-60-61-62-20260504_070018/kc_omp_np1_t59_s40_i20_bindcore_20260504_070018.slurm.err,/home/fzj/桌面/ppn/PPN-KLULES/cluster/stage2-omp/stage2-omp-s40-b4-kc-cluster-bindcore-secomp-verkc-s40-i20-omp58-59-60-61-62-20260504_070018/manifest.csv
/home/fzj/桌面/ppn/PPN-KLULES/cluster/stage2-omp/stage2-omp-s40-b4-kc-cluster-bindcore-secomp-verkc-s40-i20-omp58-59-60-61-62-20260504_070018,kc_omp_np1_t60_s40_i20_bindcore_20260504_070018,kc,omp,1,60,40,20,1.21,1053.5396,1.038309e+07,1.164153e-10,PASS,yes,yes,no,no,no,node60,mlx5_0,1,60,/home/fzj/桌面/ppn/PPN-KLULES/cluster/stage2-omp/stage2-omp-s40-b4-kc-cluster-bindcore-secomp-verkc-s40-i20-omp58-59-60-61-62-20260504_070018/kc_omp_np1_t60_s40_i20_bindcore_20260504_070018.metrics.csv,/home/fzj/桌面/ppn/PPN-KLULES/cluster/stage2-omp/stage2-omp-s40-b4-kc-cluster-bindcore-secomp-verkc-s40-i20-omp58-59-60-61-62-20260504_070018/kc_omp_np1_t60_s40_i20_bindcore_20260504_070018.log,/home/fzj/桌面/ppn/PPN-KLULES/cluster/stage2-omp/stage2-omp-s40-b4-kc-cluster-bindcore-secomp-verkc-s40-i20-omp58-59-60-61-62-20260504_070018/kc_omp_np1_t60_s40_i20_bindcore_20260504_070018.slurm.out,/home/fzj/桌面/ppn/PPN-KLULES/cluster/stage2-omp/stage2-omp-s40-b4-kc-cluster-bindcore-secomp-verkc-s40-i20-omp58-59-60-61-62-20260504_070018/kc_omp_np1_t60_s40_i20_bindcore_20260504_070018.slurm.err,/home/fzj/桌面/ppn/PPN-KLULES/cluster/stage2-omp/stage2-omp-s40-b4-kc-cluster-bindcore-secomp-verkc-s40-i20-omp58-59-60-61-62-20260504_070018/manifest.csv
/home/fzj/桌面/ppn/PPN-KLULES/cluster/stage2-omp/stage2-omp-s40-b4-kc-cluster-bindcore-secomp-verkc-s40-i20-omp58-59-60-61-62-20260504_070018,kc_omp_np1_t61_s40_i20_bindcore_20260504_070018,kc,omp,1,61,40,20,1.27,1006.5061,1.038309e+07,1.164153e-10,PASS,yes,yes,no,no,no,node60,mlx5_0,1,61,/home/fzj/桌面/ppn/PPN-KLULES/cluster/stage2-omp/stage2-omp-s40-b4-kc-cluster-bindcore-secomp-verkc-s40-i20-omp58-59-60-61-62-20260504_070018/kc_omp_np1_t61_s40_i20_bindcore_20260504_070018.metrics.csv,/home/fzj/桌面/ppn/PPN-KLULES/cluster/stage2-omp/stage2-omp-s40-b4-kc-cluster-bindcore-secomp-verkc-s40-i20-omp58-59-60-61-62-20260504_070018/kc_omp_np1_t61_s40_i20_bindcore_20260504_070018.log,/home/fzj/桌面/ppn/PPN-KLULES/cluster/stage2-omp/stage2-omp-s40-b4-kc-cluster-bindcore-secomp-verkc-s40-i20-omp58-59-60-61-62-20260504_070018/kc_omp_np1_t61_s40_i20_bindcore_20260504_070018.slurm.out,/home/fzj/桌面/ppn/PPN-KLULES/cluster/stage2-omp/stage2-omp-s40-b4-kc-cluster-bindcore-secomp-verkc-s40-i20-omp58-59-60-61-62-20260504_070018/kc_omp_np1_t61_s40_i20_bindcore_20260504_070018.slurm.err,/home/fzj/桌面/ppn/PPN-KLULES/cluster/stage2-omp/stage2-omp-s40-b4-kc-cluster-bindcore-secomp-verkc-s40-i20-omp58-59-60-61-62-20260504_070018/manifest.csv
/home/fzj/桌面/ppn/PPN-KLULES/cluster/stage2-omp/stage2-omp-s40-b4-kc-cluster-bindcore-secomp-verkc-s40-i20-omp58-59-60-61-62-20260504_070018,kc_omp_np1_t62_s40_i20_bindcore_20260504_070018,kc,omp,1,62,40,20,1.27,1010.0165,1.038309e+07,1.164153e-10,PASS,yes,yes,no,no,no,node60,mlx5_0,1,62,/home/fzj/桌面/ppn/PPN-KLULES/cluster/stage2-omp/stage2-omp-s40-b4-kc-cluster-bindcore-secomp-verkc-s40-i20-omp58-59-60-61-62-20260504_070018/kc_omp_np1_t62_s40_i20_bindcore_20260504_070018.metrics.csv,/home/fzj/桌面/ppn/PPN-KLULES/cluster/stage2-omp/stage2-omp-s40-b4-kc-cluster-bindcore-secomp-verkc-s40-i20-omp58-59-60-61-62-20260504_070018/kc_omp_np1_t62_s40_i20_bindcore_20260504_070018.log,/home/fzj/桌面/ppn/PPN-KLULES/cluster/stage2-omp/stage2-omp-s40-b4-kc-cluster-bindcore-secomp-verkc-s40-i20-omp58-59-60-61-62-20260504_070018/kc_omp_np1_t62_s40_i20_bindcore_20260504_070018.slurm.out,/home/fzj/桌面/ppn/PPN-KLULES/cluster/stage2-omp/stage2-omp-s40-b4-kc-cluster-bindcore-secomp-verkc-s40-i20-omp58-59-60-61-62-20260504_070018/kc_omp_np1_t62_s40_i20_bindcore_20260504_070018.slurm.err,/home/fzj/桌面/ppn/PPN-KLULES/cluster/stage2-omp/stage2-omp-s40-b4-kc-cluster-bindcore-secomp-verkc-s40-i20-omp58-59-60-61-62-20260504_070018/manifest.csv
/home/fzj/桌面/ppn/PPN-KLULES/cluster/stage2-omp/stage2-omp-s40-b5-baseline-cluster-bindcore-secomp-verbaseline-s40-i20-omp64-20260504_065922,baseline_omp_np1_t64_s40_i20_bindcore_20260504_065922,baseline,omp,1,64,40,20,3.7,345.88456,1.038309e+07,1.164153e-10,PASS,yes,yes,no,no,no,node60,mlx5_0,1,64,/home/fzj/桌面/ppn/PPN-KLULES/cluster/stage2-omp/stage2-omp-s40-b5-baseline-cluster-bindcore-secomp-verbaseline-s40-i20-omp64-20260504_065922/baseline_omp_np1_t64_s40_i20_bindcore_20260504_065922.metrics.csv,/home/fzj/桌面/ppn/PPN-KLULES/cluster/stage2-omp/stage2-omp-s40-b5-baseline-cluster-bindcore-secomp-verbaseline-s40-i20-omp64-20260504_065922/baseline_omp_np1_t64_s40_i20_bindcore_20260504_065922.log,/home/fzj/桌面/ppn/PPN-KLULES/cluster/stage2-omp/stage2-omp-s40-b5-baseline-cluster-bindcore-secomp-verbaseline-s40-i20-omp64-20260504_065922/baseline_omp_np1_t64_s40_i20_bindcore_20260504_065922.slurm.out,/home/fzj/桌面/ppn/PPN-KLULES/cluster/stage2-omp/stage2-omp-s40-b5-baseline-cluster-bindcore-secomp-verbaseline-s40-i20-omp64-20260504_065922/baseline_omp_np1_t64_s40_i20_bindcore_20260504_065922.slurm.err,/home/fzj/桌面/ppn/PPN-KLULES/cluster/stage2-omp/stage2-omp-s40-b5-baseline-cluster-bindcore-secomp-verbaseline-s40-i20-omp64-20260504_065922/manifest.csv
/home/fzj/桌面/ppn/PPN-KLULES/cluster/stage2-omp/stage2-omp-s40-b5-kc-cluster-bindcore-secomp-verkc-s40-i20-omp64-20260504_070042,kc_omp_np1_t64_s40_i20_bindcore_20260504_070042,kc,omp,1,64,40,20,1.25,1022.9893,1.038309e+07,1.164153e-10,PASS,yes,yes,no,no,no,node60,mlx5_0,1,64,/home/fzj/桌面/ppn/PPN-KLULES/cluster/stage2-omp/stage2-omp-s40-b5-kc-cluster-bindcore-secomp-verkc-s40-i20-omp64-20260504_070042/kc_omp_np1_t64_s40_i20_bindcore_20260504_070042.metrics.csv,/home/fzj/桌面/ppn/PPN-KLULES/cluster/stage2-omp/stage2-omp-s40-b5-kc-cluster-bindcore-secomp-verkc-s40-i20-omp64-20260504_070042/kc_omp_np1_t64_s40_i20_bindcore_20260504_070042.log,/home/fzj/桌面/ppn/PPN-KLULES/cluster/stage2-omp/stage2-omp-s40-b5-kc-cluster-bindcore-secomp-verkc-s40-i20-omp64-20260504_070042/kc_omp_np1_t64_s40_i20_bindcore_20260504_070042.slurm.out,/home/fzj/桌面/ppn/PPN-KLULES/cluster/stage2-omp/stage2-omp-s40-b5-kc-cluster-bindcore-secomp-verkc-s40-i20-omp64-20260504_070042/kc_omp_np1_t64_s40_i20_bindcore_20260504_070042.slurm.err,/home/fzj/桌面/ppn/PPN-KLULES/cluster/stage2-omp/stage2-omp-s40-b5-kc-cluster-bindcore-secomp-verkc-s40-i20-omp64-20260504_070042/manifest.csv
/home/fzj/桌面/ppn/PPN-KLULES/cluster/stage2-omp/stage2-omp-s80-b1-baseline-cluster-bindcore-secomp-verbaseline-s80-i20-omp1-2-4-8-15-20260504_070059,baseline_omp_np1_t15_s80_i20_bindcore_20260504_070059,baseline,omp,1,15,80,20,7.1,1445.4707,8.306471e+07,2.793968e-09,PASS,yes,yes,no,no,no,node60,mlx5_0,1,15,/home/fzj/桌面/ppn/PPN-KLULES/cluster/stage2-omp/stage2-omp-s80-b1-baseline-cluster-bindcore-secomp-verbaseline-s80-i20-omp1-2-4-8-15-20260504_070059/baseline_omp_np1_t15_s80_i20_bindcore_20260504_070059.metrics.csv,/home/fzj/桌面/ppn/PPN-KLULES/cluster/stage2-omp/stage2-omp-s80-b1-baseline-cluster-bindcore-secomp-verbaseline-s80-i20-omp1-2-4-8-15-20260504_070059/baseline_omp_np1_t15_s80_i20_bindcore_20260504_070059.log,/home/fzj/桌面/ppn/PPN-KLULES/cluster/stage2-omp/stage2-omp-s80-b1-baseline-cluster-bindcore-secomp-verbaseline-s80-i20-omp1-2-4-8-15-20260504_070059/baseline_omp_np1_t15_s80_i20_bindcore_20260504_070059.slurm.out,/home/fzj/桌面/ppn/PPN-KLULES/cluster/stage2-omp/stage2-omp-s80-b1-baseline-cluster-bindcore-secomp-verbaseline-s80-i20-omp1-2-4-8-15-20260504_070059/baseline_omp_np1_t15_s80_i20_bindcore_20260504_070059.slurm.err,/home/fzj/桌面/ppn/PPN-KLULES/cluster/stage2-omp/stage2-omp-s80-b1-baseline-cluster-bindcore-secomp-verbaseline-s80-i20-omp1-2-4-8-15-20260504_070059/manifest.csv
/home/fzj/桌面/ppn/PPN-KLULES/cluster/stage2-omp/stage2-omp-s80-b1-baseline-cluster-bindcore-secomp-verbaseline-s80-i20-omp1-2-4-8-15-20260504_070059,baseline_omp_np1_t1_s80_i20_bindcore_20260504_070059,baseline,omp,1,1,80,20,5.4,1888.0265,8.306471e+07,2.793968e-09,PASS,yes,yes,no,no,no,node60,mlx5_0,1,1,/home/fzj/桌面/ppn/PPN-KLULES/cluster/stage2-omp/stage2-omp-s80-b1-baseline-cluster-bindcore-secomp-verbaseline-s80-i20-omp1-2-4-8-15-20260504_070059/baseline_omp_np1_t1_s80_i20_bindcore_20260504_070059.metrics.csv,/home/fzj/桌面/ppn/PPN-KLULES/cluster/stage2-omp/stage2-omp-s80-b1-baseline-cluster-bindcore-secomp-verbaseline-s80-i20-omp1-2-4-8-15-20260504_070059/baseline_omp_np1_t1_s80_i20_bindcore_20260504_070059.log,/home/fzj/桌面/ppn/PPN-KLULES/cluster/stage2-omp/stage2-omp-s80-b1-baseline-cluster-bindcore-secomp-verbaseline-s80-i20-omp1-2-4-8-15-20260504_070059/baseline_omp_np1_t1_s80_i20_bindcore_20260504_070059.slurm.out,/home/fzj/桌面/ppn/PPN-KLULES/cluster/stage2-omp/stage2-omp-s80-b1-baseline-cluster-bindcore-secomp-verbaseline-s80-i20-omp1-2-4-8-15-20260504_070059/baseline_omp_np1_t1_s80_i20_bindcore_20260504_070059.slurm.err,/home/fzj/桌面/ppn/PPN-KLULES/cluster/stage2-omp/stage2-omp-s80-b1-baseline-cluster-bindcore-secomp-verbaseline-s80-i20-omp1-2-4-8-15-20260504_070059/manifest.csv
/home/fzj/桌面/ppn/PPN-KLULES/cluster/stage2-omp/stage2-omp-s80-b1-baseline-cluster-bindcore-secomp-verbaseline-s80-i20-omp1-2-4-8-15-20260504_070059,baseline_omp_np1_t2_s80_i20_bindcore_20260504_070059,baseline,omp,1,2,80,20,6.3,1615.3493,8.306471e+07,2.793968e-09,PASS,yes,yes,no,no,no,node60,mlx5_0,1,2,/home/fzj/桌面/ppn/PPN-KLULES/cluster/stage2-omp/stage2-omp-s80-b1-baseline-cluster-bindcore-secomp-verbaseline-s80-i20-omp1-2-4-8-15-20260504_070059/baseline_omp_np1_t2_s80_i20_bindcore_20260504_070059.metrics.csv,/home/fzj/桌面/ppn/PPN-KLULES/cluster/stage2-omp/stage2-omp-s80-b1-baseline-cluster-bindcore-secomp-verbaseline-s80-i20-omp1-2-4-8-15-20260504_070059/baseline_omp_np1_t2_s80_i20_bindcore_20260504_070059.log,/home/fzj/桌面/ppn/PPN-KLULES/cluster/stage2-omp/stage2-omp-s80-b1-baseline-cluster-bindcore-secomp-verbaseline-s80-i20-omp1-2-4-8-15-20260504_070059/baseline_omp_np1_t2_s80_i20_bindcore_20260504_070059.slurm.out,/home/fzj/桌面/ppn/PPN-KLULES/cluster/stage2-omp/stage2-omp-s80-b1-baseline-cluster-bindcore-secomp-verbaseline-s80-i20-omp1-2-4-8-15-20260504_070059/baseline_omp_np1_t2_s80_i20_bindcore_20260504_070059.slurm.err,/home/fzj/桌面/ppn/PPN-KLULES/cluster/stage2-omp/stage2-omp-s80-b1-baseline-cluster-bindcore-secomp-verbaseline-s80-i20-omp1-2-4-8-15-20260504_070059/manifest.csv
/home/fzj/桌面/ppn/PPN-KLULES/cluster/stage2-omp/stage2-omp-s80-b1-baseline-cluster-bindcore-secomp-verbaseline-s80-i20-omp1-2-4-8-15-20260504_070059,baseline_omp_np1_t4_s80_i20_bindcore_20260504_070059,baseline,omp,1,4,80,20,6.6,1546.4388,8.306471e+07,2.793968e-09,PASS,yes,yes,no,no,no,node60,mlx5_0,1,4,/home/fzj/桌面/ppn/PPN-KLULES/cluster/stage2-omp/stage2-omp-s80-b1-baseline-cluster-bindcore-secomp-verbaseline-s80-i20-omp1-2-4-8-15-20260504_070059/baseline_omp_np1_t4_s80_i20_bindcore_20260504_070059.metrics.csv,/home/fzj/桌面/ppn/PPN-KLULES/cluster/stage2-omp/stage2-omp-s80-b1-baseline-cluster-bindcore-secomp-verbaseline-s80-i20-omp1-2-4-8-15-20260504_070059/baseline_omp_np1_t4_s80_i20_bindcore_20260504_070059.log,/home/fzj/桌面/ppn/PPN-KLULES/cluster/stage2-omp/stage2-omp-s80-b1-baseline-cluster-bindcore-secomp-verbaseline-s80-i20-omp1-2-4-8-15-20260504_070059/baseline_omp_np1_t4_s80_i20_bindcore_20260504_070059.slurm.out,/home/fzj/桌面/ppn/PPN-KLULES/cluster/stage2-omp/stage2-omp-s80-b1-baseline-cluster-bindcore-secomp-verbaseline-s80-i20-omp1-2-4-8-15-20260504_070059/baseline_omp_np1_t4_s80_i20_bindcore_20260504_070059.slurm.err,/home/fzj/桌面/ppn/PPN-KLULES/cluster/stage2-omp/stage2-omp-s80-b1-baseline-cluster-bindcore-secomp-verbaseline-s80-i20-omp1-2-4-8-15-20260504_070059/manifest.csv
/home/fzj/桌面/ppn/PPN-KLULES/cluster/stage2-omp/stage2-omp-s80-b1-baseline-cluster-bindcore-secomp-verbaseline-s80-i20-omp1-2-4-8-15-20260504_070059,baseline_omp_np1_t8_s80_i20_bindcore_20260504_070059,baseline,omp,1,8,80,20,6.6,1541.0032,8.306471e+07,2.793968e-09,PASS,yes,yes,no,no,no,node60,mlx5_0,1,8,/home/fzj/桌面/ppn/PPN-KLULES/cluster/stage2-omp/stage2-omp-s80-b1-baseline-cluster-bindcore-secomp-verbaseline-s80-i20-omp1-2-4-8-15-20260504_070059/baseline_omp_np1_t8_s80_i20_bindcore_20260504_070059.metrics.csv,/home/fzj/桌面/ppn/PPN-KLULES/cluster/stage2-omp/stage2-omp-s80-b1-baseline-cluster-bindcore-secomp-verbaseline-s80-i20-omp1-2-4-8-15-20260504_070059/baseline_omp_np1_t8_s80_i20_bindcore_20260504_070059.log,/home/fzj/桌面/ppn/PPN-KLULES/cluster/stage2-omp/stage2-omp-s80-b1-baseline-cluster-bindcore-secomp-verbaseline-s80-i20-omp1-2-4-8-15-20260504_070059/baseline_omp_np1_t8_s80_i20_bindcore_20260504_070059.slurm.out,/home/fzj/桌面/ppn/PPN-KLULES/cluster/stage2-omp/stage2-omp-s80-b1-baseline-cluster-bindcore-secomp-verbaseline-s80-i20-omp1-2-4-8-15-20260504_070059/baseline_omp_np1_t8_s80_i20_bindcore_20260504_070059.slurm.err,/home/fzj/桌面/ppn/PPN-KLULES/cluster/stage2-omp/stage2-omp-s80-b1-baseline-cluster-bindcore-secomp-verbaseline-s80-i20-omp1-2-4-8-15-20260504_070059/manifest.csv
/home/fzj/桌面/ppn/PPN-KLULES/cluster/stage2-omp/stage2-omp-s80-b1-kc-cluster-bindcore-secomp-verkc-s80-i20-omp1-2-4-8-15-20260504_070531,kc_omp_np1_t15_s80_i20_bindcore_20260504_070531,kc,omp,1,15,80,20,4.93,2077.2367,8.306471e+07,2.793968e-09,PASS,yes,yes,no,no,no,node60,mlx5_0,1,15,/home/fzj/桌面/ppn/PPN-KLULES/cluster/stage2-omp/stage2-omp-s80-b1-kc-cluster-bindcore-secomp-verkc-s80-i20-omp1-2-4-8-15-20260504_070531/kc_omp_np1_t15_s80_i20_bindcore_20260504_070531.metrics.csv,/home/fzj/桌面/ppn/PPN-KLULES/cluster/stage2-omp/stage2-omp-s80-b1-kc-cluster-bindcore-secomp-verkc-s80-i20-omp1-2-4-8-15-20260504_070531/kc_omp_np1_t15_s80_i20_bindcore_20260504_070531.log,/home/fzj/桌面/ppn/PPN-KLULES/cluster/stage2-omp/stage2-omp-s80-b1-kc-cluster-bindcore-secomp-verkc-s80-i20-omp1-2-4-8-15-20260504_070531/kc_omp_np1_t15_s80_i20_bindcore_20260504_070531.slurm.out,/home/fzj/桌面/ppn/PPN-KLULES/cluster/stage2-omp/stage2-omp-s80-b1-kc-cluster-bindcore-secomp-verkc-s80-i20-omp1-2-4-8-15-20260504_070531/kc_omp_np1_t15_s80_i20_bindcore_20260504_070531.slurm.err,/home/fzj/桌面/ppn/PPN-KLULES/cluster/stage2-omp/stage2-omp-s80-b1-kc-cluster-bindcore-secomp-verkc-s80-i20-omp1-2-4-8-15-20260504_070531/manifest.csv
/home/fzj/桌面/ppn/PPN-KLULES/cluster/stage2-omp/stage2-omp-s80-b1-kc-cluster-bindcore-secomp-verkc-s80-i20-omp1-2-4-8-15-20260504_070531,kc_omp_np1_t1_s80_i20_bindcore_20260504_070531,kc,omp,1,1,80,20,4.87,2103.3,8.306471e+07,2.793968e-09,PASS,yes,yes,no,no,no,node60,mlx5_0,1,1,/home/fzj/桌面/ppn/PPN-KLULES/cluster/stage2-omp/stage2-omp-s80-b1-kc-cluster-bindcore-secomp-verkc-s80-i20-omp1-2-4-8-15-20260504_070531/kc_omp_np1_t1_s80_i20_bindcore_20260504_070531.metrics.csv,/home/fzj/桌面/ppn/PPN-KLULES/cluster/stage2-omp/stage2-omp-s80-b1-kc-cluster-bindcore-secomp-verkc-s80-i20-omp1-2-4-8-15-20260504_070531/kc_omp_np1_t1_s80_i20_bindcore_20260504_070531.log,/home/fzj/桌面/ppn/PPN-KLULES/cluster/stage2-omp/stage2-omp-s80-b1-kc-cluster-bindcore-secomp-verkc-s80-i20-omp1-2-4-8-15-20260504_070531/kc_omp_np1_t1_s80_i20_bindcore_20260504_070531.slurm.out,/home/fzj/桌面/ppn/PPN-KLULES/cluster/stage2-omp/stage2-omp-s80-b1-kc-cluster-bindcore-secomp-verkc-s80-i20-omp1-2-4-8-15-20260504_070531/kc_omp_np1_t1_s80_i20_bindcore_20260504_070531.slurm.err,/home/fzj/桌面/ppn/PPN-KLULES/cluster/stage2-omp/stage2-omp-s80-b1-kc-cluster-bindcore-secomp-verkc-s80-i20-omp1-2-4-8-15-20260504_070531/manifest.csv
/home/fzj/桌面/ppn/PPN-KLULES/cluster/stage2-omp/stage2-omp-s80-b1-kc-cluster-bindcore-secomp-verkc-s80-i20-omp1-2-4-8-15-20260504_070531,kc_omp_np1_t2_s80_i20_bindcore_20260504_070531,kc,omp,1,2,80,20,4.82,2123.1048,8.306471e+07,2.793968e-09,PASS,yes,yes,no,no,no,node60,mlx5_0,1,2,/home/fzj/桌面/ppn/PPN-KLULES/cluster/stage2-omp/stage2-omp-s80-b1-kc-cluster-bindcore-secomp-verkc-s80-i20-omp1-2-4-8-15-20260504_070531/kc_omp_np1_t2_s80_i20_bindcore_20260504_070531.metrics.csv,/home/fzj/桌面/ppn/PPN-KLULES/cluster/stage2-omp/stage2-omp-s80-b1-kc-cluster-bindcore-secomp-verkc-s80-i20-omp1-2-4-8-15-20260504_070531/kc_omp_np1_t2_s80_i20_bindcore_20260504_070531.log,/home/fzj/桌面/ppn/PPN-KLULES/cluster/stage2-omp/stage2-omp-s80-b1-kc-cluster-bindcore-secomp-verkc-s80-i20-omp1-2-4-8-15-20260504_070531/kc_omp_np1_t2_s80_i20_bindcore_20260504_070531.slurm.out,/home/fzj/桌面/ppn/PPN-KLULES/cluster/stage2-omp/stage2-omp-s80-b1-kc-cluster-bindcore-secomp-verkc-s80-i20-omp1-2-4-8-15-20260504_070531/kc_omp_np1_t2_s80_i20_bindcore_20260504_070531.slurm.err,/home/fzj/桌面/ppn/PPN-KLULES/cluster/stage2-omp/stage2-omp-s80-b1-kc-cluster-bindcore-secomp-verkc-s80-i20-omp1-2-4-8-15-20260504_070531/manifest.csv
/home/fzj/桌面/ppn/PPN-KLULES/cluster/stage2-omp/stage2-omp-s80-b1-kc-cluster-bindcore-secomp-verkc-s80-i20-omp1-2-4-8-15-20260504_070531,kc_omp_np1_t4_s80_i20_bindcore_20260504_070531,kc,omp,1,4,80,20,4.79,2136.2952,8.306471e+07,2.793968e-09,PASS,yes,yes,no,no,no,node60,mlx5_0,1,4,/home/fzj/桌面/ppn/PPN-KLULES/cluster/stage2-omp/stage2-omp-s80-b1-kc-cluster-bindcore-secomp-verkc-s80-i20-omp1-2-4-8-15-20260504_070531/kc_omp_np1_t4_s80_i20_bindcore_20260504_070531.metrics.csv,/home/fzj/桌面/ppn/PPN-KLULES/cluster/stage2-omp/stage2-omp-s80-b1-kc-cluster-bindcore-secomp-verkc-s80-i20-omp1-2-4-8-15-20260504_070531/kc_omp_np1_t4_s80_i20_bindcore_20260504_070531.log,/home/fzj/桌面/ppn/PPN-KLULES/cluster/stage2-omp/stage2-omp-s80-b1-kc-cluster-bindcore-secomp-verkc-s80-i20-omp1-2-4-8-15-20260504_070531/kc_omp_np1_t4_s80_i20_bindcore_20260504_070531.slurm.out,/home/fzj/桌面/ppn/PPN-KLULES/cluster/stage2-omp/stage2-omp-s80-b1-kc-cluster-bindcore-secomp-verkc-s80-i20-omp1-2-4-8-15-20260504_070531/kc_omp_np1_t4_s80_i20_bindcore_20260504_070531.slurm.err,/home/fzj/桌面/ppn/PPN-KLULES/cluster/stage2-omp/stage2-omp-s80-b1-kc-cluster-bindcore-secomp-verkc-s80-i20-omp1-2-4-8-15-20260504_070531/manifest.csv
/home/fzj/桌面/ppn/PPN-KLULES/cluster/stage2-omp/stage2-omp-s80-b1-kc-cluster-bindcore-secomp-verkc-s80-i20-omp1-2-4-8-15-20260504_070531,kc_omp_np1_t8_s80_i20_bindcore_20260504_070531,kc,omp,1,8,80,20,4.79,2135.6447,8.306471e+07,2.793968e-09,PASS,yes,yes,no,no,no,node60,mlx5_0,1,8,/home/fzj/桌面/ppn/PPN-KLULES/cluster/stage2-omp/stage2-omp-s80-b1-kc-cluster-bindcore-secomp-verkc-s80-i20-omp1-2-4-8-15-20260504_070531/kc_omp_np1_t8_s80_i20_bindcore_20260504_070531.metrics.csv,/home/fzj/桌面/ppn/PPN-KLULES/cluster/stage2-omp/stage2-omp-s80-b1-kc-cluster-bindcore-secomp-verkc-s80-i20-omp1-2-4-8-15-20260504_070531/kc_omp_np1_t8_s80_i20_bindcore_20260504_070531.log,/home/fzj/桌面/ppn/PPN-KLULES/cluster/stage2-omp/stage2-omp-s80-b1-kc-cluster-bindcore-secomp-verkc-s80-i20-omp1-2-4-8-15-20260504_070531/kc_omp_np1_t8_s80_i20_bindcore_20260504_070531.slurm.out,/home/fzj/桌面/ppn/PPN-KLULES/cluster/stage2-omp/stage2-omp-s80-b1-kc-cluster-bindcore-secomp-verkc-s80-i20-omp1-2-4-8-15-20260504_070531/kc_omp_np1_t8_s80_i20_bindcore_20260504_070531.slurm.err,/home/fzj/桌面/ppn/PPN-KLULES/cluster/stage2-omp/stage2-omp-s80-b1-kc-cluster-bindcore-secomp-verkc-s80-i20-omp1-2-4-8-15-20260504_070531/manifest.csv
/home/fzj/桌面/ppn/PPN-KLULES/cluster/stage2-omp/stage2-omp-s80-b2-baseline-cluster-bindcore-secomp-verbaseline-s80-i20-omp20-24-28-29-30-20260504_070131,baseline_omp_np1_t20_s80_i20_bindcore_20260504_070131,baseline,omp,1,20,80,20,6.8,1497.7532,8.306471e+07,2.793968e-09,PASS,yes,yes,no,no,no,node60,mlx5_0,1,20,/home/fzj/桌面/ppn/PPN-KLULES/cluster/stage2-omp/stage2-omp-s80-b2-baseline-cluster-bindcore-secomp-verbaseline-s80-i20-omp20-24-28-29-30-20260504_070131/baseline_omp_np1_t20_s80_i20_bindcore_20260504_070131.metrics.csv,/home/fzj/桌面/ppn/PPN-KLULES/cluster/stage2-omp/stage2-omp-s80-b2-baseline-cluster-bindcore-secomp-verbaseline-s80-i20-omp20-24-28-29-30-20260504_070131/baseline_omp_np1_t20_s80_i20_bindcore_20260504_070131.log,/home/fzj/桌面/ppn/PPN-KLULES/cluster/stage2-omp/stage2-omp-s80-b2-baseline-cluster-bindcore-secomp-verbaseline-s80-i20-omp20-24-28-29-30-20260504_070131/baseline_omp_np1_t20_s80_i20_bindcore_20260504_070131.slurm.out,/home/fzj/桌面/ppn/PPN-KLULES/cluster/stage2-omp/stage2-omp-s80-b2-baseline-cluster-bindcore-secomp-verbaseline-s80-i20-omp20-24-28-29-30-20260504_070131/baseline_omp_np1_t20_s80_i20_bindcore_20260504_070131.slurm.err,/home/fzj/桌面/ppn/PPN-KLULES/cluster/stage2-omp/stage2-omp-s80-b2-baseline-cluster-bindcore-secomp-verbaseline-s80-i20-omp20-24-28-29-30-20260504_070131/manifest.csv
/home/fzj/桌面/ppn/PPN-KLULES/cluster/stage2-omp/stage2-omp-s80-b2-baseline-cluster-bindcore-secomp-verbaseline-s80-i20-omp20-24-28-29-30-20260504_070131,baseline_omp_np1_t24_s80_i20_bindcore_20260504_070131,baseline,omp,1,24,80,20,7.3,1394.4018,8.306471e+07,2.793968e-09,PASS,yes,yes,no,no,no,node60,mlx5_0,1,24,/home/fzj/桌面/ppn/PPN-KLULES/cluster/stage2-omp/stage2-omp-s80-b2-baseline-cluster-bindcore-secomp-verbaseline-s80-i20-omp20-24-28-29-30-20260504_070131/baseline_omp_np1_t24_s80_i20_bindcore_20260504_070131.metrics.csv,/home/fzj/桌面/ppn/PPN-KLULES/cluster/stage2-omp/stage2-omp-s80-b2-baseline-cluster-bindcore-secomp-verbaseline-s80-i20-omp20-24-28-29-30-20260504_070131/baseline_omp_np1_t24_s80_i20_bindcore_20260504_070131.log,/home/fzj/桌面/ppn/PPN-KLULES/cluster/stage2-omp/stage2-omp-s80-b2-baseline-cluster-bindcore-secomp-verbaseline-s80-i20-omp20-24-28-29-30-20260504_070131/baseline_omp_np1_t24_s80_i20_bindcore_20260504_070131.slurm.out,/home/fzj/桌面/ppn/PPN-KLULES/cluster/stage2-omp/stage2-omp-s80-b2-baseline-cluster-bindcore-secomp-verbaseline-s80-i20-omp20-24-28-29-30-20260504_070131/baseline_omp_np1_t24_s80_i20_bindcore_20260504_070131.slurm.err,/home/fzj/桌面/ppn/PPN-KLULES/cluster/stage2-omp/stage2-omp-s80-b2-baseline-cluster-bindcore-secomp-verbaseline-s80-i20-omp20-24-28-29-30-20260504_070131/manifest.csv
/home/fzj/桌面/ppn/PPN-KLULES/cluster/stage2-omp/stage2-omp-s80-b2-baseline-cluster-bindcore-secomp-verbaseline-s80-i20-omp20-24-28-29-30-20260504_070131,baseline_omp_np1_t28_s80_i20_bindcore_20260504_070131,baseline,omp,1,28,80,20,7.2,1422.6829,8.306471e+07,2.793968e-09,PASS,yes,yes,no,no,no,node60,mlx5_0,1,28,/home/fzj/桌面/ppn/PPN-KLULES/cluster/stage2-omp/stage2-omp-s80-b2-baseline-cluster-bindcore-secomp-verbaseline-s80-i20-omp20-24-28-29-30-20260504_070131/baseline_omp_np1_t28_s80_i20_bindcore_20260504_070131.metrics.csv,/home/fzj/桌面/ppn/PPN-KLULES/cluster/stage2-omp/stage2-omp-s80-b2-baseline-cluster-bindcore-secomp-verbaseline-s80-i20-omp20-24-28-29-30-20260504_070131/baseline_omp_np1_t28_s80_i20_bindcore_20260504_070131.log,/home/fzj/桌面/ppn/PPN-KLULES/cluster/stage2-omp/stage2-omp-s80-b2-baseline-cluster-bindcore-secomp-verbaseline-s80-i20-omp20-24-28-29-30-20260504_070131/baseline_omp_np1_t28_s80_i20_bindcore_20260504_070131.slurm.out,/home/fzj/桌面/ppn/PPN-KLULES/cluster/stage2-omp/stage2-omp-s80-b2-baseline-cluster-bindcore-secomp-verbaseline-s80-i20-omp20-24-28-29-30-20260504_070131/baseline_omp_np1_t28_s80_i20_bindcore_20260504_070131.slurm.err,/home/fzj/桌面/ppn/PPN-KLULES/cluster/stage2-omp/stage2-omp-s80-b2-baseline-cluster-bindcore-secomp-verbaseline-s80-i20-omp20-24-28-29-30-20260504_070131/manifest.csv
/home/fzj/桌面/ppn/PPN-KLULES/cluster/stage2-omp/stage2-omp-s80-b2-baseline-cluster-bindcore-secomp-verbaseline-s80-i20-omp20-24-28-29-30-20260504_070131,baseline_omp_np1_t29_s80_i20_bindcore_20260504_070131,baseline,omp,1,29,80,20,7.6,1348.5603,8.306471e+07,2.793968e-09,PASS,yes,yes,no,no,no,node60,mlx5_0,1,29,/home/fzj/桌面/ppn/PPN-KLULES/cluster/stage2-omp/stage2-omp-s80-b2-baseline-cluster-bindcore-secomp-verbaseline-s80-i20-omp20-24-28-29-30-20260504_070131/baseline_omp_np1_t29_s80_i20_bindcore_20260504_070131.metrics.csv,/home/fzj/桌面/ppn/PPN-KLULES/cluster/stage2-omp/stage2-omp-s80-b2-baseline-cluster-bindcore-secomp-verbaseline-s80-i20-omp20-24-28-29-30-20260504_070131/baseline_omp_np1_t29_s80_i20_bindcore_20260504_070131.log,/home/fzj/桌面/ppn/PPN-KLULES/cluster/stage2-omp/stage2-omp-s80-b2-baseline-cluster-bindcore-secomp-verbaseline-s80-i20-omp20-24-28-29-30-20260504_070131/baseline_omp_np1_t29_s80_i20_bindcore_20260504_070131.slurm.out,/home/fzj/桌面/ppn/PPN-KLULES/cluster/stage2-omp/stage2-omp-s80-b2-baseline-cluster-bindcore-secomp-verbaseline-s80-i20-omp20-24-28-29-30-20260504_070131/baseline_omp_np1_t29_s80_i20_bindcore_20260504_070131.slurm.err,/home/fzj/桌面/ppn/PPN-KLULES/cluster/stage2-omp/stage2-omp-s80-b2-baseline-cluster-bindcore-secomp-verbaseline-s80-i20-omp20-24-28-29-30-20260504_070131/manifest.csv
/home/fzj/桌面/ppn/PPN-KLULES/cluster/stage2-omp/stage2-omp-s80-b2-baseline-cluster-bindcore-secomp-verbaseline-s80-i20-omp20-24-28-29-30-20260504_070131,baseline_omp_np1_t30_s80_i20_bindcore_20260504_070131,baseline,omp,1,30,80,20,7.5,1362.9816,8.306471e+07,2.793968e-09,PASS,yes,yes,no,no,no,node60,mlx5_0,1,30,/home/fzj/桌面/ppn/PPN-KLULES/cluster/stage2-omp/stage2-omp-s80-b2-baseline-cluster-bindcore-secomp-verbaseline-s80-i20-omp20-24-28-29-30-20260504_070131/baseline_omp_np1_t30_s80_i20_bindcore_20260504_070131.metrics.csv,/home/fzj/桌面/ppn/PPN-KLULES/cluster/stage2-omp/stage2-omp-s80-b2-baseline-cluster-bindcore-secomp-verbaseline-s80-i20-omp20-24-28-29-30-20260504_070131/baseline_omp_np1_t30_s80_i20_bindcore_20260504_070131.log,/home/fzj/桌面/ppn/PPN-KLULES/cluster/stage2-omp/stage2-omp-s80-b2-baseline-cluster-bindcore-secomp-verbaseline-s80-i20-omp20-24-28-29-30-20260504_070131/baseline_omp_np1_t30_s80_i20_bindcore_20260504_070131.slurm.out,/home/fzj/桌面/ppn/PPN-KLULES/cluster/stage2-omp/stage2-omp-s80-b2-baseline-cluster-bindcore-secomp-verbaseline-s80-i20-omp20-24-28-29-30-20260504_070131/baseline_omp_np1_t30_s80_i20_bindcore_20260504_070131.slurm.err,/home/fzj/桌面/ppn/PPN-KLULES/cluster/stage2-omp/stage2-omp-s80-b2-baseline-cluster-bindcore-secomp-verbaseline-s80-i20-omp20-24-28-29-30-20260504_070131/manifest.csv
/home/fzj/桌面/ppn/PPN-KLULES/cluster/stage2-omp/stage2-omp-s80-b2-kc-cluster-bindcore-secomp-verkc-s80-i20-omp20-24-28-29-30-20260504_070542,kc_omp_np1_t20_s80_i20_bindcore_20260504_070542,kc,omp,1,20,80,20,4.95,2070.1632,8.306471e+07,2.793968e-09,PASS,yes,yes,no,no,no,node60,mlx5_0,1,20,/home/fzj/桌面/ppn/PPN-KLULES/cluster/stage2-omp/stage2-omp-s80-b2-kc-cluster-bindcore-secomp-verkc-s80-i20-omp20-24-28-29-30-20260504_070542/kc_omp_np1_t20_s80_i20_bindcore_20260504_070542.metrics.csv,/home/fzj/桌面/ppn/PPN-KLULES/cluster/stage2-omp/stage2-omp-s80-b2-kc-cluster-bindcore-secomp-verkc-s80-i20-omp20-24-28-29-30-20260504_070542/kc_omp_np1_t20_s80_i20_bindcore_20260504_070542.log,/home/fzj/桌面/ppn/PPN-KLULES/cluster/stage2-omp/stage2-omp-s80-b2-kc-cluster-bindcore-secomp-verkc-s80-i20-omp20-24-28-29-30-20260504_070542/kc_omp_np1_t20_s80_i20_bindcore_20260504_070542.slurm.out,/home/fzj/桌面/ppn/PPN-KLULES/cluster/stage2-omp/stage2-omp-s80-b2-kc-cluster-bindcore-secomp-verkc-s80-i20-omp20-24-28-29-30-20260504_070542/kc_omp_np1_t20_s80_i20_bindcore_20260504_070542.slurm.err,/home/fzj/桌面/ppn/PPN-KLULES/cluster/stage2-omp/stage2-omp-s80-b2-kc-cluster-bindcore-secomp-verkc-s80-i20-omp20-24-28-29-30-20260504_070542/manifest.csv
/home/fzj/桌面/ppn/PPN-KLULES/cluster/stage2-omp/stage2-omp-s80-b2-kc-cluster-bindcore-secomp-verkc-s80-i20-omp20-24-28-29-30-20260504_070542,kc_omp_np1_t24_s80_i20_bindcore_20260504_070542,kc,omp,1,24,80,20,4.97,2060.9821,8.306471e+07,2.793968e-09,PASS,yes,yes,no,no,no,node60,mlx5_0,1,24,/home/fzj/桌面/ppn/PPN-KLULES/cluster/stage2-omp/stage2-omp-s80-b2-kc-cluster-bindcore-secomp-verkc-s80-i20-omp20-24-28-29-30-20260504_070542/kc_omp_np1_t24_s80_i20_bindcore_20260504_070542.metrics.csv,/home/fzj/桌面/ppn/PPN-KLULES/cluster/stage2-omp/stage2-omp-s80-b2-kc-cluster-bindcore-secomp-verkc-s80-i20-omp20-24-28-29-30-20260504_070542/kc_omp_np1_t24_s80_i20_bindcore_20260504_070542.log,/home/fzj/桌面/ppn/PPN-KLULES/cluster/stage2-omp/stage2-omp-s80-b2-kc-cluster-bindcore-secomp-verkc-s80-i20-omp20-24-28-29-30-20260504_070542/kc_omp_np1_t24_s80_i20_bindcore_20260504_070542.slurm.out,/home/fzj/桌面/ppn/PPN-KLULES/cluster/stage2-omp/stage2-omp-s80-b2-kc-cluster-bindcore-secomp-verkc-s80-i20-omp20-24-28-29-30-20260504_070542/kc_omp_np1_t24_s80_i20_bindcore_20260504_070542.slurm.err,/home/fzj/桌面/ppn/PPN-KLULES/cluster/stage2-omp/stage2-omp-s80-b2-kc-cluster-bindcore-secomp-verkc-s80-i20-omp20-24-28-29-30-20260504_070542/manifest.csv
/home/fzj/桌面/ppn/PPN-KLULES/cluster/stage2-omp/stage2-omp-s80-b2-kc-cluster-bindcore-secomp-verkc-s80-i20-omp20-24-28-29-30-20260504_070542,kc_omp_np1_t28_s80_i20_bindcore_20260504_070542,kc,omp,1,28,80,20,4.90,2088.559,8.306471e+07,2.793968e-09,PASS,yes,yes,no,no,no,node60,mlx5_0,1,28,/home/fzj/桌面/ppn/PPN-KLULES/cluster/stage2-omp/stage2-omp-s80-b2-kc-cluster-bindcore-secomp-verkc-s80-i20-omp20-24-28-29-30-20260504_070542/kc_omp_np1_t28_s80_i20_bindcore_20260504_070542.metrics.csv,/home/fzj/桌面/ppn/PPN-KLULES/cluster/stage2-omp/stage2-omp-s80-b2-kc-cluster-bindcore-secomp-verkc-s80-i20-omp20-24-28-29-30-20260504_070542/kc_omp_np1_t28_s80_i20_bindcore_20260504_070542.log,/home/fzj/桌面/ppn/PPN-KLULES/cluster/stage2-omp/stage2-omp-s80-b2-kc-cluster-bindcore-secomp-verkc-s80-i20-omp20-24-28-29-30-20260504_070542/kc_omp_np1_t28_s80_i20_bindcore_20260504_070542.slurm.out,/home/fzj/桌面/ppn/PPN-KLULES/cluster/stage2-omp/stage2-omp-s80-b2-kc-cluster-bindcore-secomp-verkc-s80-i20-omp20-24-28-29-30-20260504_070542/kc_omp_np1_t28_s80_i20_bindcore_20260504_070542.slurm.err,/home/fzj/桌面/ppn/PPN-KLULES/cluster/stage2-omp/stage2-omp-s80-b2-kc-cluster-bindcore-secomp-verkc-s80-i20-omp20-24-28-29-30-20260504_070542/manifest.csv
/home/fzj/桌面/ppn/PPN-KLULES/cluster/stage2-omp/stage2-omp-s80-b2-kc-cluster-bindcore-secomp-verkc-s80-i20-omp20-24-28-29-30-20260504_070542,kc_omp_np1_t29_s80_i20_bindcore_20260504_070542,kc,omp,1,29,80,20,5.03,2034.4429,8.306471e+07,2.793968e-09,PASS,yes,yes,no,no,no,node60,mlx5_0,1,29,/home/fzj/桌面/ppn/PPN-KLULES/cluster/stage2-omp/stage2-omp-s80-b2-kc-cluster-bindcore-secomp-verkc-s80-i20-omp20-24-28-29-30-20260504_070542/kc_omp_np1_t29_s80_i20_bindcore_20260504_070542.metrics.csv,/home/fzj/桌面/ppn/PPN-KLULES/cluster/stage2-omp/stage2-omp-s80-b2-kc-cluster-bindcore-secomp-verkc-s80-i20-omp20-24-28-29-30-20260504_070542/kc_omp_np1_t29_s80_i20_bindcore_20260504_070542.log,/home/fzj/桌面/ppn/PPN-KLULES/cluster/stage2-omp/stage2-omp-s80-b2-kc-cluster-bindcore-secomp-verkc-s80-i20-omp20-24-28-29-30-20260504_070542/kc_omp_np1_t29_s80_i20_bindcore_20260504_070542.slurm.out,/home/fzj/桌面/ppn/PPN-KLULES/cluster/stage2-omp/stage2-omp-s80-b2-kc-cluster-bindcore-secomp-verkc-s80-i20-omp20-24-28-29-30-20260504_070542/kc_omp_np1_t29_s80_i20_bindcore_20260504_070542.slurm.err,/home/fzj/桌面/ppn/PPN-KLULES/cluster/stage2-omp/stage2-omp-s80-b2-kc-cluster-bindcore-secomp-verkc-s80-i20-omp20-24-28-29-30-20260504_070542/manifest.csv
/home/fzj/桌面/ppn/PPN-KLULES/cluster/stage2-omp/stage2-omp-s80-b2-kc-cluster-bindcore-secomp-verkc-s80-i20-omp20-24-28-29-30-20260504_070542,kc_omp_np1_t30_s80_i20_bindcore_20260504_070542,kc,omp,1,30,80,20,5.05,2029.2658,8.306471e+07,2.793968e-09,PASS,yes,yes,no,no,no,node60,mlx5_0,1,30,/home/fzj/桌面/ppn/PPN-KLULES/cluster/stage2-omp/stage2-omp-s80-b2-kc-cluster-bindcore-secomp-verkc-s80-i20-omp20-24-28-29-30-20260504_070542/kc_omp_np1_t30_s80_i20_bindcore_20260504_070542.metrics.csv,/home/fzj/桌面/ppn/PPN-KLULES/cluster/stage2-omp/stage2-omp-s80-b2-kc-cluster-bindcore-secomp-verkc-s80-i20-omp20-24-28-29-30-20260504_070542/kc_omp_np1_t30_s80_i20_bindcore_20260504_070542.log,/home/fzj/桌面/ppn/PPN-KLULES/cluster/stage2-omp/stage2-omp-s80-b2-kc-cluster-bindcore-secomp-verkc-s80-i20-omp20-24-28-29-30-20260504_070542/kc_omp_np1_t30_s80_i20_bindcore_20260504_070542.slurm.out,/home/fzj/桌面/ppn/PPN-KLULES/cluster/stage2-omp/stage2-omp-s80-b2-kc-cluster-bindcore-secomp-verkc-s80-i20-omp20-24-28-29-30-20260504_070542/kc_omp_np1_t30_s80_i20_bindcore_20260504_070542.slurm.err,/home/fzj/桌面/ppn/PPN-KLULES/cluster/stage2-omp/stage2-omp-s80-b2-kc-cluster-bindcore-secomp-verkc-s80-i20-omp20-24-28-29-30-20260504_070542/manifest.csv
/home/fzj/桌面/ppn/PPN-KLULES/cluster/stage2-omp/stage2-omp-s80-b3-baseline-cluster-bindcore-secomp-verbaseline-s80-i20-omp31-32-36-40-20260504_070313,baseline_omp_np1_t31_s80_i20_bindcore_20260504_070313,baseline,omp,1,31,80,20,7.6,1353.1108,8.306471e+07,2.793968e-09,PASS,yes,yes,no,no,no,node60,mlx5_0,1,31,/home/fzj/桌面/ppn/PPN-KLULES/cluster/stage2-omp/stage2-omp-s80-b3-baseline-cluster-bindcore-secomp-verbaseline-s80-i20-omp31-32-36-40-20260504_070313/baseline_omp_np1_t31_s80_i20_bindcore_20260504_070313.metrics.csv,/home/fzj/桌面/ppn/PPN-KLULES/cluster/stage2-omp/stage2-omp-s80-b3-baseline-cluster-bindcore-secomp-verbaseline-s80-i20-omp31-32-36-40-20260504_070313/baseline_omp_np1_t31_s80_i20_bindcore_20260504_070313.log,/home/fzj/桌面/ppn/PPN-KLULES/cluster/stage2-omp/stage2-omp-s80-b3-baseline-cluster-bindcore-secomp-verbaseline-s80-i20-omp31-32-36-40-20260504_070313/baseline_omp_np1_t31_s80_i20_bindcore_20260504_070313.slurm.out,/home/fzj/桌面/ppn/PPN-KLULES/cluster/stage2-omp/stage2-omp-s80-b3-baseline-cluster-bindcore-secomp-verbaseline-s80-i20-omp31-32-36-40-20260504_070313/baseline_omp_np1_t31_s80_i20_bindcore_20260504_070313.slurm.err,/home/fzj/桌面/ppn/PPN-KLULES/cluster/stage2-omp/stage2-omp-s80-b3-baseline-cluster-bindcore-secomp-verbaseline-s80-i20-omp31-32-36-40-20260504_070313/manifest.csv
/home/fzj/桌面/ppn/PPN-KLULES/cluster/stage2-omp/stage2-omp-s80-b3-baseline-cluster-bindcore-secomp-verbaseline-s80-i20-omp31-32-36-40-20260504_070313,baseline_omp_np1_t32_s80_i20_bindcore_20260504_070313,baseline,omp,1,32,80,20,7.4,1375.9162,8.306471e+07,2.793968e-09,PASS,yes,yes,no,no,no,node60,mlx5_0,1,32,/home/fzj/桌面/ppn/PPN-KLULES/cluster/stage2-omp/stage2-omp-s80-b3-baseline-cluster-bindcore-secomp-verbaseline-s80-i20-omp31-32-36-40-20260504_070313/baseline_omp_np1_t32_s80_i20_bindcore_20260504_070313.metrics.csv,/home/fzj/桌面/ppn/PPN-KLULES/cluster/stage2-omp/stage2-omp-s80-b3-baseline-cluster-bindcore-secomp-verbaseline-s80-i20-omp31-32-36-40-20260504_070313/baseline_omp_np1_t32_s80_i20_bindcore_20260504_070313.log,/home/fzj/桌面/ppn/PPN-KLULES/cluster/stage2-omp/stage2-omp-s80-b3-baseline-cluster-bindcore-secomp-verbaseline-s80-i20-omp31-32-36-40-20260504_070313/baseline_omp_np1_t32_s80_i20_bindcore_20260504_070313.slurm.out,/home/fzj/桌面/ppn/PPN-KLULES/cluster/stage2-omp/stage2-omp-s80-b3-baseline-cluster-bindcore-secomp-verbaseline-s80-i20-omp31-32-36-40-20260504_070313/baseline_omp_np1_t32_s80_i20_bindcore_20260504_070313.slurm.err,/home/fzj/桌面/ppn/PPN-KLULES/cluster/stage2-omp/stage2-omp-s80-b3-baseline-cluster-bindcore-secomp-verbaseline-s80-i20-omp31-32-36-40-20260504_070313/manifest.csv
/home/fzj/桌面/ppn/PPN-KLULES/cluster/stage2-omp/stage2-omp-s80-b3-baseline-cluster-bindcore-secomp-verbaseline-s80-i20-omp31-32-36-40-20260504_070313,baseline_omp_np1_t36_s80_i20_bindcore_20260504_070313,baseline,omp,1,36,80,20,8.1,1267.2627,8.306471e+07,2.793968e-09,PASS,yes,yes,no,no,no,node60,mlx5_0,1,36,/home/fzj/桌面/ppn/PPN-KLULES/cluster/stage2-omp/stage2-omp-s80-b3-baseline-cluster-bindcore-secomp-verbaseline-s80-i20-omp31-32-36-40-20260504_070313/baseline_omp_np1_t36_s80_i20_bindcore_20260504_070313.metrics.csv,/home/fzj/桌面/ppn/PPN-KLULES/cluster/stage2-omp/stage2-omp-s80-b3-baseline-cluster-bindcore-secomp-verbaseline-s80-i20-omp31-32-36-40-20260504_070313/baseline_omp_np1_t36_s80_i20_bindcore_20260504_070313.log,/home/fzj/桌面/ppn/PPN-KLULES/cluster/stage2-omp/stage2-omp-s80-b3-baseline-cluster-bindcore-secomp-verbaseline-s80-i20-omp31-32-36-40-20260504_070313/baseline_omp_np1_t36_s80_i20_bindcore_20260504_070313.slurm.out,/home/fzj/桌面/ppn/PPN-KLULES/cluster/stage2-omp/stage2-omp-s80-b3-baseline-cluster-bindcore-secomp-verbaseline-s80-i20-omp31-32-36-40-20260504_070313/baseline_omp_np1_t36_s80_i20_bindcore_20260504_070313.slurm.err,/home/fzj/桌面/ppn/PPN-KLULES/cluster/stage2-omp/stage2-omp-s80-b3-baseline-cluster-bindcore-secomp-verbaseline-s80-i20-omp31-32-36-40-20260504_070313/manifest.csv
/home/fzj/桌面/ppn/PPN-KLULES/cluster/stage2-omp/stage2-omp-s80-b3-baseline-cluster-bindcore-secomp-verbaseline-s80-i20-omp31-32-36-40-20260504_070313,baseline_omp_np1_t40_s80_i20_bindcore_20260504_070313,baseline,omp,1,40,80,20,7.9,1297.5182,8.306471e+07,2.793968e-09,PASS,yes,yes,no,no,no,node60,mlx5_0,1,40,/home/fzj/桌面/ppn/PPN-KLULES/cluster/stage2-omp/stage2-omp-s80-b3-baseline-cluster-bindcore-secomp-verbaseline-s80-i20-omp31-32-36-40-20260504_070313/baseline_omp_np1_t40_s80_i20_bindcore_20260504_070313.metrics.csv,/home/fzj/桌面/ppn/PPN-KLULES/cluster/stage2-omp/stage2-omp-s80-b3-baseline-cluster-bindcore-secomp-verbaseline-s80-i20-omp31-32-36-40-20260504_070313/baseline_omp_np1_t40_s80_i20_bindcore_20260504_070313.log,/home/fzj/桌面/ppn/PPN-KLULES/cluster/stage2-omp/stage2-omp-s80-b3-baseline-cluster-bindcore-secomp-verbaseline-s80-i20-omp31-32-36-40-20260504_070313/baseline_omp_np1_t40_s80_i20_bindcore_20260504_070313.slurm.out,/home/fzj/桌面/ppn/PPN-KLULES/cluster/stage2-omp/stage2-omp-s80-b3-baseline-cluster-bindcore-secomp-verbaseline-s80-i20-omp31-32-36-40-20260504_070313/baseline_omp_np1_t40_s80_i20_bindcore_20260504_070313.slurm.err,/home/fzj/桌面/ppn/PPN-KLULES/cluster/stage2-omp/stage2-omp-s80-b3-baseline-cluster-bindcore-secomp-verbaseline-s80-i20-omp31-32-36-40-20260504_070313/manifest.csv
/home/fzj/桌面/ppn/PPN-KLULES/cluster/stage2-omp/stage2-omp-s80-b3-kc-cluster-bindcore-secomp-verkc-s80-i20-omp31-32-36-40-20260504_070628,kc_omp_np1_t31_s80_i20_bindcore_20260504_070628,kc,omp,1,31,80,20,5.07,2021.2077,8.306471e+07,2.793968e-09,PASS,yes,yes,no,no,no,node60,mlx5_0,1,31,/home/fzj/桌面/ppn/PPN-KLULES/cluster/stage2-omp/stage2-omp-s80-b3-kc-cluster-bindcore-secomp-verkc-s80-i20-omp31-32-36-40-20260504_070628/kc_omp_np1_t31_s80_i20_bindcore_20260504_070628.metrics.csv,/home/fzj/桌面/ppn/PPN-KLULES/cluster/stage2-omp/stage2-omp-s80-b3-kc-cluster-bindcore-secomp-verkc-s80-i20-omp31-32-36-40-20260504_070628/kc_omp_np1_t31_s80_i20_bindcore_20260504_070628.log,/home/fzj/桌面/ppn/PPN-KLULES/cluster/stage2-omp/stage2-omp-s80-b3-kc-cluster-bindcore-secomp-verkc-s80-i20-omp31-32-36-40-20260504_070628/kc_omp_np1_t31_s80_i20_bindcore_20260504_070628.slurm.out,/home/fzj/桌面/ppn/PPN-KLULES/cluster/stage2-omp/stage2-omp-s80-b3-kc-cluster-bindcore-secomp-verkc-s80-i20-omp31-32-36-40-20260504_070628/kc_omp_np1_t31_s80_i20_bindcore_20260504_070628.slurm.err,/home/fzj/桌面/ppn/PPN-KLULES/cluster/stage2-omp/stage2-omp-s80-b3-kc-cluster-bindcore-secomp-verkc-s80-i20-omp31-32-36-40-20260504_070628/manifest.csv
/home/fzj/桌面/ppn/PPN-KLULES/cluster/stage2-omp/stage2-omp-s80-b3-kc-cluster-bindcore-secomp-verkc-s80-i20-omp31-32-36-40-20260504_070628,kc_omp_np1_t32_s80_i20_bindcore_20260504_070628,kc,omp,1,32,80,20,5.02,2038.3018,8.306471e+07,2.793968e-09,PASS,yes,yes,no,no,no,node60,mlx5_0,1,32,/home/fzj/桌面/ppn/PPN-KLULES/cluster/stage2-omp/stage2-omp-s80-b3-kc-cluster-bindcore-secomp-verkc-s80-i20-omp31-32-36-40-20260504_070628/kc_omp_np1_t32_s80_i20_bindcore_20260504_070628.metrics.csv,/home/fzj/桌面/ppn/PPN-KLULES/cluster/stage2-omp/stage2-omp-s80-b3-kc-cluster-bindcore-secomp-verkc-s80-i20-omp31-32-36-40-20260504_070628/kc_omp_np1_t32_s80_i20_bindcore_20260504_070628.log,/home/fzj/桌面/ppn/PPN-KLULES/cluster/stage2-omp/stage2-omp-s80-b3-kc-cluster-bindcore-secomp-verkc-s80-i20-omp31-32-36-40-20260504_070628/kc_omp_np1_t32_s80_i20_bindcore_20260504_070628.slurm.out,/home/fzj/桌面/ppn/PPN-KLULES/cluster/stage2-omp/stage2-omp-s80-b3-kc-cluster-bindcore-secomp-verkc-s80-i20-omp31-32-36-40-20260504_070628/kc_omp_np1_t32_s80_i20_bindcore_20260504_070628.slurm.err,/home/fzj/桌面/ppn/PPN-KLULES/cluster/stage2-omp/stage2-omp-s80-b3-kc-cluster-bindcore-secomp-verkc-s80-i20-omp31-32-36-40-20260504_070628/manifest.csv
/home/fzj/桌面/ppn/PPN-KLULES/cluster/stage2-omp/stage2-omp-s80-b3-kc-cluster-bindcore-secomp-verkc-s80-i20-omp31-32-36-40-20260504_070628,kc_omp_np1_t36_s80_i20_bindcore_20260504_070628,kc,omp,1,36,80,20,5.16,1982.7558,8.306471e+07,2.793968e-09,PASS,yes,yes,no,no,no,node60,mlx5_0,1,36,/home/fzj/桌面/ppn/PPN-KLULES/cluster/stage2-omp/stage2-omp-s80-b3-kc-cluster-bindcore-secomp-verkc-s80-i20-omp31-32-36-40-20260504_070628/kc_omp_np1_t36_s80_i20_bindcore_20260504_070628.metrics.csv,/home/fzj/桌面/ppn/PPN-KLULES/cluster/stage2-omp/stage2-omp-s80-b3-kc-cluster-bindcore-secomp-verkc-s80-i20-omp31-32-36-40-20260504_070628/kc_omp_np1_t36_s80_i20_bindcore_20260504_070628.log,/home/fzj/桌面/ppn/PPN-KLULES/cluster/stage2-omp/stage2-omp-s80-b3-kc-cluster-bindcore-secomp-verkc-s80-i20-omp31-32-36-40-20260504_070628/kc_omp_np1_t36_s80_i20_bindcore_20260504_070628.slurm.out,/home/fzj/桌面/ppn/PPN-KLULES/cluster/stage2-omp/stage2-omp-s80-b3-kc-cluster-bindcore-secomp-verkc-s80-i20-omp31-32-36-40-20260504_070628/kc_omp_np1_t36_s80_i20_bindcore_20260504_070628.slurm.err,/home/fzj/桌面/ppn/PPN-KLULES/cluster/stage2-omp/stage2-omp-s80-b3-kc-cluster-bindcore-secomp-verkc-s80-i20-omp31-32-36-40-20260504_070628/manifest.csv
/home/fzj/桌面/ppn/PPN-KLULES/cluster/stage2-omp/stage2-omp-s80-b3-kc-cluster-bindcore-secomp-verkc-s80-i20-omp31-32-36-40-20260504_070628,kc_omp_np1_t40_s80_i20_bindcore_20260504_070628,kc,omp,1,40,80,20,5.10,2008.3338,8.306471e+07,2.793968e-09,PASS,yes,yes,no,no,no,node60,mlx5_0,1,40,/home/fzj/桌面/ppn/PPN-KLULES/cluster/stage2-omp/stage2-omp-s80-b3-kc-cluster-bindcore-secomp-verkc-s80-i20-omp31-32-36-40-20260504_070628/kc_omp_np1_t40_s80_i20_bindcore_20260504_070628.metrics.csv,/home/fzj/桌面/ppn/PPN-KLULES/cluster/stage2-omp/stage2-omp-s80-b3-kc-cluster-bindcore-secomp-verkc-s80-i20-omp31-32-36-40-20260504_070628/kc_omp_np1_t40_s80_i20_bindcore_20260504_070628.log,/home/fzj/桌面/ppn/PPN-KLULES/cluster/stage2-omp/stage2-omp-s80-b3-kc-cluster-bindcore-secomp-verkc-s80-i20-omp31-32-36-40-20260504_070628/kc_omp_np1_t40_s80_i20_bindcore_20260504_070628.slurm.out,/home/fzj/桌面/ppn/PPN-KLULES/cluster/stage2-omp/stage2-omp-s80-b3-kc-cluster-bindcore-secomp-verkc-s80-i20-omp31-32-36-40-20260504_070628/kc_omp_np1_t40_s80_i20_bindcore_20260504_070628.slurm.err,/home/fzj/桌面/ppn/PPN-KLULES/cluster/stage2-omp/stage2-omp-s80-b3-kc-cluster-bindcore-secomp-verkc-s80-i20-omp31-32-36-40-20260504_070628/manifest.csv
/home/fzj/桌面/ppn/PPN-KLULES/cluster/stage2-omp/stage2-omp-s80-b4-baseline-cluster-bindcore-secomp-verbaseline-s80-i20-omp58-59-60-61-62-20260504_070341,baseline_omp_np1_t58_s80_i20_bindcore_20260504_070341,baseline,omp,1,58,80,20,9.5,1081.6769,8.306471e+07,2.793968e-09,PASS,yes,yes,no,no,no,node60,mlx5_0,1,58,/home/fzj/桌面/ppn/PPN-KLULES/cluster/stage2-omp/stage2-omp-s80-b4-baseline-cluster-bindcore-secomp-verbaseline-s80-i20-omp58-59-60-61-62-20260504_070341/baseline_omp_np1_t58_s80_i20_bindcore_20260504_070341.metrics.csv,/home/fzj/桌面/ppn/PPN-KLULES/cluster/stage2-omp/stage2-omp-s80-b4-baseline-cluster-bindcore-secomp-verbaseline-s80-i20-omp58-59-60-61-62-20260504_070341/baseline_omp_np1_t58_s80_i20_bindcore_20260504_070341.log,/home/fzj/桌面/ppn/PPN-KLULES/cluster/stage2-omp/stage2-omp-s80-b4-baseline-cluster-bindcore-secomp-verbaseline-s80-i20-omp58-59-60-61-62-20260504_070341/baseline_omp_np1_t58_s80_i20_bindcore_20260504_070341.slurm.out,/home/fzj/桌面/ppn/PPN-KLULES/cluster/stage2-omp/stage2-omp-s80-b4-baseline-cluster-bindcore-secomp-verbaseline-s80-i20-omp58-59-60-61-62-20260504_070341/baseline_omp_np1_t58_s80_i20_bindcore_20260504_070341.slurm.err,/home/fzj/桌面/ppn/PPN-KLULES/cluster/stage2-omp/stage2-omp-s80-b4-baseline-cluster-bindcore-secomp-verbaseline-s80-i20-omp58-59-60-61-62-20260504_070341/manifest.csv
/home/fzj/桌面/ppn/PPN-KLULES/cluster/stage2-omp/stage2-omp-s80-b4-baseline-cluster-bindcore-secomp-verbaseline-s80-i20-omp58-59-60-61-62-20260504_070341,baseline_omp_np1_t59_s80_i20_bindcore_20260504_070341,baseline,omp,1,59,80,20,9.5,1073.9374,8.306471e+07,2.793968e-09,PASS,yes,yes,no,no,no,node60,mlx5_0,1,59,/home/fzj/桌面/ppn/PPN-KLULES/cluster/stage2-omp/stage2-omp-s80-b4-baseline-cluster-bindcore-secomp-verbaseline-s80-i20-omp58-59-60-61-62-20260504_070341/baseline_omp_np1_t59_s80_i20_bindcore_20260504_070341.metrics.csv,/home/fzj/桌面/ppn/PPN-KLULES/cluster/stage2-omp/stage2-omp-s80-b4-baseline-cluster-bindcore-secomp-verbaseline-s80-i20-omp58-59-60-61-62-20260504_070341/baseline_omp_np1_t59_s80_i20_bindcore_20260504_070341.log,/home/fzj/桌面/ppn/PPN-KLULES/cluster/stage2-omp/stage2-omp-s80-b4-baseline-cluster-bindcore-secomp-verbaseline-s80-i20-omp58-59-60-61-62-20260504_070341/baseline_omp_np1_t59_s80_i20_bindcore_20260504_070341.slurm.out,/home/fzj/桌面/ppn/PPN-KLULES/cluster/stage2-omp/stage2-omp-s80-b4-baseline-cluster-bindcore-secomp-verbaseline-s80-i20-omp58-59-60-61-62-20260504_070341/baseline_omp_np1_t59_s80_i20_bindcore_20260504_070341.slurm.err,/home/fzj/桌面/ppn/PPN-KLULES/cluster/stage2-omp/stage2-omp-s80-b4-baseline-cluster-bindcore-secomp-verbaseline-s80-i20-omp58-59-60-61-62-20260504_070341/manifest.csv
/home/fzj/桌面/ppn/PPN-KLULES/cluster/stage2-omp/stage2-omp-s80-b4-baseline-cluster-bindcore-secomp-verbaseline-s80-i20-omp58-59-60-61-62-20260504_070341,baseline_omp_np1_t60_s80_i20_bindcore_20260504_070341,baseline,omp,1,60,80,20,9.7,1056.7368,8.306471e+07,2.793968e-09,PASS,yes,yes,no,no,no,node60,mlx5_0,1,60,/home/fzj/桌面/ppn/PPN-KLULES/cluster/stage2-omp/stage2-omp-s80-b4-baseline-cluster-bindcore-secomp-verbaseline-s80-i20-omp58-59-60-61-62-20260504_070341/baseline_omp_np1_t60_s80_i20_bindcore_20260504_070341.metrics.csv,/home/fzj/桌面/ppn/PPN-KLULES/cluster/stage2-omp/stage2-omp-s80-b4-baseline-cluster-bindcore-secomp-verbaseline-s80-i20-omp58-59-60-61-62-20260504_070341/baseline_omp_np1_t60_s80_i20_bindcore_20260504_070341.log,/home/fzj/桌面/ppn/PPN-KLULES/cluster/stage2-omp/stage2-omp-s80-b4-baseline-cluster-bindcore-secomp-verbaseline-s80-i20-omp58-59-60-61-62-20260504_070341/baseline_omp_np1_t60_s80_i20_bindcore_20260504_070341.slurm.out,/home/fzj/桌面/ppn/PPN-KLULES/cluster/stage2-omp/stage2-omp-s80-b4-baseline-cluster-bindcore-secomp-verbaseline-s80-i20-omp58-59-60-61-62-20260504_070341/baseline_omp_np1_t60_s80_i20_bindcore_20260504_070341.slurm.err,/home/fzj/桌面/ppn/PPN-KLULES/cluster/stage2-omp/stage2-omp-s80-b4-baseline-cluster-bindcore-secomp-verbaseline-s80-i20-omp58-59-60-61-62-20260504_070341/manifest.csv
/home/fzj/桌面/ppn/PPN-KLULES/cluster/stage2-omp/stage2-omp-s80-b4-baseline-cluster-bindcore-secomp-verbaseline-s80-i20-omp58-59-60-61-62-20260504_070341,baseline_omp_np1_t61_s80_i20_bindcore_20260504_070341,baseline,omp,1,61,80,20,9.7,1058.3768,8.306471e+07,2.793968e-09,PASS,yes,yes,no,no,no,node60,mlx5_0,1,61,/home/fzj/桌面/ppn/PPN-KLULES/cluster/stage2-omp/stage2-omp-s80-b4-baseline-cluster-bindcore-secomp-verbaseline-s80-i20-omp58-59-60-61-62-20260504_070341/baseline_omp_np1_t61_s80_i20_bindcore_20260504_070341.metrics.csv,/home/fzj/桌面/ppn/PPN-KLULES/cluster/stage2-omp/stage2-omp-s80-b4-baseline-cluster-bindcore-secomp-verbaseline-s80-i20-omp58-59-60-61-62-20260504_070341/baseline_omp_np1_t61_s80_i20_bindcore_20260504_070341.log,/home/fzj/桌面/ppn/PPN-KLULES/cluster/stage2-omp/stage2-omp-s80-b4-baseline-cluster-bindcore-secomp-verbaseline-s80-i20-omp58-59-60-61-62-20260504_070341/baseline_omp_np1_t61_s80_i20_bindcore_20260504_070341.slurm.out,/home/fzj/桌面/ppn/PPN-KLULES/cluster/stage2-omp/stage2-omp-s80-b4-baseline-cluster-bindcore-secomp-verbaseline-s80-i20-omp58-59-60-61-62-20260504_070341/baseline_omp_np1_t61_s80_i20_bindcore_20260504_070341.slurm.err,/home/fzj/桌面/ppn/PPN-KLULES/cluster/stage2-omp/stage2-omp-s80-b4-baseline-cluster-bindcore-secomp-verbaseline-s80-i20-omp58-59-60-61-62-20260504_070341/manifest.csv
/home/fzj/桌面/ppn/PPN-KLULES/cluster/stage2-omp/stage2-omp-s80-b4-baseline-cluster-bindcore-secomp-verbaseline-s80-i20-omp58-59-60-61-62-20260504_070341,baseline_omp_np1_t62_s80_i20_bindcore_20260504_070341,baseline,omp,1,62,80,20,9.9,1038.8906,8.306471e+07,2.793968e-09,PASS,yes,yes,no,no,no,node60,mlx5_0,1,62,/home/fzj/桌面/ppn/PPN-KLULES/cluster/stage2-omp/stage2-omp-s80-b4-baseline-cluster-bindcore-secomp-verbaseline-s80-i20-omp58-59-60-61-62-20260504_070341/baseline_omp_np1_t62_s80_i20_bindcore_20260504_070341.metrics.csv,/home/fzj/桌面/ppn/PPN-KLULES/cluster/stage2-omp/stage2-omp-s80-b4-baseline-cluster-bindcore-secomp-verbaseline-s80-i20-omp58-59-60-61-62-20260504_070341/baseline_omp_np1_t62_s80_i20_bindcore_20260504_070341.log,/home/fzj/桌面/ppn/PPN-KLULES/cluster/stage2-omp/stage2-omp-s80-b4-baseline-cluster-bindcore-secomp-verbaseline-s80-i20-omp58-59-60-61-62-20260504_070341/baseline_omp_np1_t62_s80_i20_bindcore_20260504_070341.slurm.out,/home/fzj/桌面/ppn/PPN-KLULES/cluster/stage2-omp/stage2-omp-s80-b4-baseline-cluster-bindcore-secomp-verbaseline-s80-i20-omp58-59-60-61-62-20260504_070341/baseline_omp_np1_t62_s80_i20_bindcore_20260504_070341.slurm.err,/home/fzj/桌面/ppn/PPN-KLULES/cluster/stage2-omp/stage2-omp-s80-b4-baseline-cluster-bindcore-secomp-verbaseline-s80-i20-omp58-59-60-61-62-20260504_070341/manifest.csv
/home/fzj/桌面/ppn/PPN-KLULES/cluster/stage2-omp/stage2-omp-s80-b4-kc-cluster-bindcore-secomp-verkc-s80-i20-omp58-59-60-61-62-20260504_070730,kc_omp_np1_t58_s80_i20_bindcore_20260504_070730,kc,omp,1,58,80,20,5.60,1827.7046,8.306471e+07,2.793968e-09,PASS,yes,yes,no,no,no,node60,mlx5_0,1,58,/home/fzj/桌面/ppn/PPN-KLULES/cluster/stage2-omp/stage2-omp-s80-b4-kc-cluster-bindcore-secomp-verkc-s80-i20-omp58-59-60-61-62-20260504_070730/kc_omp_np1_t58_s80_i20_bindcore_20260504_070730.metrics.csv,/home/fzj/桌面/ppn/PPN-KLULES/cluster/stage2-omp/stage2-omp-s80-b4-kc-cluster-bindcore-secomp-verkc-s80-i20-omp58-59-60-61-62-20260504_070730/kc_omp_np1_t58_s80_i20_bindcore_20260504_070730.log,/home/fzj/桌面/ppn/PPN-KLULES/cluster/stage2-omp/stage2-omp-s80-b4-kc-cluster-bindcore-secomp-verkc-s80-i20-omp58-59-60-61-62-20260504_070730/kc_omp_np1_t58_s80_i20_bindcore_20260504_070730.slurm.out,/home/fzj/桌面/ppn/PPN-KLULES/cluster/stage2-omp/stage2-omp-s80-b4-kc-cluster-bindcore-secomp-verkc-s80-i20-omp58-59-60-61-62-20260504_070730/kc_omp_np1_t58_s80_i20_bindcore_20260504_070730.slurm.err,/home/fzj/桌面/ppn/PPN-KLULES/cluster/stage2-omp/stage2-omp-s80-b4-kc-cluster-bindcore-secomp-verkc-s80-i20-omp58-59-60-61-62-20260504_070730/manifest.csv
/home/fzj/桌面/ppn/PPN-KLULES/cluster/stage2-omp/stage2-omp-s80-b4-kc-cluster-bindcore-secomp-verkc-s80-i20-omp58-59-60-61-62-20260504_070730,kc_omp_np1_t59_s80_i20_bindcore_20260504_070730,kc,omp,1,59,80,20,5.55,1843.8158,8.306471e+07,2.793968e-09,PASS,yes,yes,no,no,no,node60,mlx5_0,1,59,/home/fzj/桌面/ppn/PPN-KLULES/cluster/stage2-omp/stage2-omp-s80-b4-kc-cluster-bindcore-secomp-verkc-s80-i20-omp58-59-60-61-62-20260504_070730/kc_omp_np1_t59_s80_i20_bindcore_20260504_070730.metrics.csv,/home/fzj/桌面/ppn/PPN-KLULES/cluster/stage2-omp/stage2-omp-s80-b4-kc-cluster-bindcore-secomp-verkc-s80-i20-omp58-59-60-61-62-20260504_070730/kc_omp_np1_t59_s80_i20_bindcore_20260504_070730.log,/home/fzj/桌面/ppn/PPN-KLULES/cluster/stage2-omp/stage2-omp-s80-b4-kc-cluster-bindcore-secomp-verkc-s80-i20-omp58-59-60-61-62-20260504_070730/kc_omp_np1_t59_s80_i20_bindcore_20260504_070730.slurm.out,/home/fzj/桌面/ppn/PPN-KLULES/cluster/stage2-omp/stage2-omp-s80-b4-kc-cluster-bindcore-secomp-verkc-s80-i20-omp58-59-60-61-62-20260504_070730/kc_omp_np1_t59_s80_i20_bindcore_20260504_070730.slurm.err,/home/fzj/桌面/ppn/PPN-KLULES/cluster/stage2-omp/stage2-omp-s80-b4-kc-cluster-bindcore-secomp-verkc-s80-i20-omp58-59-60-61-62-20260504_070730/manifest.csv
/home/fzj/桌面/ppn/PPN-KLULES/cluster/stage2-omp/stage2-omp-s80-b4-kc-cluster-bindcore-secomp-verkc-s80-i20-omp58-59-60-61-62-20260504_070730,kc_omp_np1_t60_s80_i20_bindcore_20260504_070730,kc,omp,1,60,80,20,5.63,1819.1392,8.306471e+07,2.793968e-09,PASS,yes,yes,no,no,no,node60,mlx5_0,1,60,/home/fzj/桌面/ppn/PPN-KLULES/cluster/stage2-omp/stage2-omp-s80-b4-kc-cluster-bindcore-secomp-verkc-s80-i20-omp58-59-60-61-62-20260504_070730/kc_omp_np1_t60_s80_i20_bindcore_20260504_070730.metrics.csv,/home/fzj/桌面/ppn/PPN-KLULES/cluster/stage2-omp/stage2-omp-s80-b4-kc-cluster-bindcore-secomp-verkc-s80-i20-omp58-59-60-61-62-20260504_070730/kc_omp_np1_t60_s80_i20_bindcore_20260504_070730.log,/home/fzj/桌面/ppn/PPN-KLULES/cluster/stage2-omp/stage2-omp-s80-b4-kc-cluster-bindcore-secomp-verkc-s80-i20-omp58-59-60-61-62-20260504_070730/kc_omp_np1_t60_s80_i20_bindcore_20260504_070730.slurm.out,/home/fzj/桌面/ppn/PPN-KLULES/cluster/stage2-omp/stage2-omp-s80-b4-kc-cluster-bindcore-secomp-verkc-s80-i20-omp58-59-60-61-62-20260504_070730/kc_omp_np1_t60_s80_i20_bindcore_20260504_070730.slurm.err,/home/fzj/桌面/ppn/PPN-KLULES/cluster/stage2-omp/stage2-omp-s80-b4-kc-cluster-bindcore-secomp-verkc-s80-i20-omp58-59-60-61-62-20260504_070730/manifest.csv
/home/fzj/桌面/ppn/PPN-KLULES/cluster/stage2-omp/stage2-omp-s80-b4-kc-cluster-bindcore-secomp-verkc-s80-i20-omp58-59-60-61-62-20260504_070730,kc_omp_np1_t61_s80_i20_bindcore_20260504_070730,kc,omp,1,61,80,20,5.62,1820.7905,8.306471e+07,2.793968e-09,PASS,yes,yes,no,no,no,node60,mlx5_0,1,61,/home/fzj/桌面/ppn/PPN-KLULES/cluster/stage2-omp/stage2-omp-s80-b4-kc-cluster-bindcore-secomp-verkc-s80-i20-omp58-59-60-61-62-20260504_070730/kc_omp_np1_t61_s80_i20_bindcore_20260504_070730.metrics.csv,/home/fzj/桌面/ppn/PPN-KLULES/cluster/stage2-omp/stage2-omp-s80-b4-kc-cluster-bindcore-secomp-verkc-s80-i20-omp58-59-60-61-62-20260504_070730/kc_omp_np1_t61_s80_i20_bindcore_20260504_070730.log,/home/fzj/桌面/ppn/PPN-KLULES/cluster/stage2-omp/stage2-omp-s80-b4-kc-cluster-bindcore-secomp-verkc-s80-i20-omp58-59-60-61-62-20260504_070730/kc_omp_np1_t61_s80_i20_bindcore_20260504_070730.slurm.out,/home/fzj/桌面/ppn/PPN-KLULES/cluster/stage2-omp/stage2-omp-s80-b4-kc-cluster-bindcore-secomp-verkc-s80-i20-omp58-59-60-61-62-20260504_070730/kc_omp_np1_t61_s80_i20_bindcore_20260504_070730.slurm.err,/home/fzj/桌面/ppn/PPN-KLULES/cluster/stage2-omp/stage2-omp-s80-b4-kc-cluster-bindcore-secomp-verkc-s80-i20-omp58-59-60-61-62-20260504_070730/manifest.csv
/home/fzj/桌面/ppn/PPN-KLULES/cluster/stage2-omp/stage2-omp-s80-b4-kc-cluster-bindcore-secomp-verkc-s80-i20-omp58-59-60-61-62-20260504_070730,kc_omp_np1_t62_s80_i20_bindcore_20260504_070730,kc,omp,1,62,80,20,5.59,1831.9311,8.306471e+07,2.793968e-09,PASS,yes,yes,no,no,no,node60,mlx5_0,1,62,/home/fzj/桌面/ppn/PPN-KLULES/cluster/stage2-omp/stage2-omp-s80-b4-kc-cluster-bindcore-secomp-verkc-s80-i20-omp58-59-60-61-62-20260504_070730/kc_omp_np1_t62_s80_i20_bindcore_20260504_070730.metrics.csv,/home/fzj/桌面/ppn/PPN-KLULES/cluster/stage2-omp/stage2-omp-s80-b4-kc-cluster-bindcore-secomp-verkc-s80-i20-omp58-59-60-61-62-20260504_070730/kc_omp_np1_t62_s80_i20_bindcore_20260504_070730.log,/home/fzj/桌面/ppn/PPN-KLULES/cluster/stage2-omp/stage2-omp-s80-b4-kc-cluster-bindcore-secomp-verkc-s80-i20-omp58-59-60-61-62-20260504_070730/kc_omp_np1_t62_s80_i20_bindcore_20260504_070730.slurm.out,/home/fzj/桌面/ppn/PPN-KLULES/cluster/stage2-omp/stage2-omp-s80-b4-kc-cluster-bindcore-secomp-verkc-s80-i20-omp58-59-60-61-62-20260504_070730/kc_omp_np1_t62_s80_i20_bindcore_20260504_070730.slurm.err,/home/fzj/桌面/ppn/PPN-KLULES/cluster/stage2-omp/stage2-omp-s80-b4-kc-cluster-bindcore-secomp-verkc-s80-i20-omp58-59-60-61-62-20260504_070730/manifest.csv
/home/fzj/桌面/ppn/PPN-KLULES/cluster/stage2-omp/stage2-omp-s80-b5-baseline-cluster-bindcore-secomp-verbaseline-s80-i20-omp64-20260504_070508,baseline_omp_np1_t64_s80_i20_bindcore_20260504_070508,baseline,omp,1,64,80,20,10,1026.1913,8.306471e+07,2.793968e-09,PASS,yes,yes,no,no,no,node60,mlx5_0,1,64,/home/fzj/桌面/ppn/PPN-KLULES/cluster/stage2-omp/stage2-omp-s80-b5-baseline-cluster-bindcore-secomp-verbaseline-s80-i20-omp64-20260504_070508/baseline_omp_np1_t64_s80_i20_bindcore_20260504_070508.metrics.csv,/home/fzj/桌面/ppn/PPN-KLULES/cluster/stage2-omp/stage2-omp-s80-b5-baseline-cluster-bindcore-secomp-verbaseline-s80-i20-omp64-20260504_070508/baseline_omp_np1_t64_s80_i20_bindcore_20260504_070508.log,/home/fzj/桌面/ppn/PPN-KLULES/cluster/stage2-omp/stage2-omp-s80-b5-baseline-cluster-bindcore-secomp-verbaseline-s80-i20-omp64-20260504_070508/baseline_omp_np1_t64_s80_i20_bindcore_20260504_070508.slurm.out,/home/fzj/桌面/ppn/PPN-KLULES/cluster/stage2-omp/stage2-omp-s80-b5-baseline-cluster-bindcore-secomp-verbaseline-s80-i20-omp64-20260504_070508/baseline_omp_np1_t64_s80_i20_bindcore_20260504_070508.slurm.err,/home/fzj/桌面/ppn/PPN-KLULES/cluster/stage2-omp/stage2-omp-s80-b5-baseline-cluster-bindcore-secomp-verbaseline-s80-i20-omp64-20260504_070508/manifest.csv
/home/fzj/桌面/ppn/PPN-KLULES/cluster/stage2-omp/stage2-omp-s80-b5-kc-cluster-bindcore-secomp-verkc-s80-i20-omp64-20260504_070823,kc_omp_np1_t64_s80_i20_bindcore_20260504_070823,kc,omp,1,64,80,20,5.63,1817.399,8.306471e+07,2.793968e-09,PASS,yes,yes,no,no,no,node60,mlx5_0,1,64,/home/fzj/桌面/ppn/PPN-KLULES/cluster/stage2-omp/stage2-omp-s80-b5-kc-cluster-bindcore-secomp-verkc-s80-i20-omp64-20260504_070823/kc_omp_np1_t64_s80_i20_bindcore_20260504_070823.metrics.csv,/home/fzj/桌面/ppn/PPN-KLULES/cluster/stage2-omp/stage2-omp-s80-b5-kc-cluster-bindcore-secomp-verkc-s80-i20-omp64-20260504_070823/kc_omp_np1_t64_s80_i20_bindcore_20260504_070823.log,/home/fzj/桌面/ppn/PPN-KLULES/cluster/stage2-omp/stage2-omp-s80-b5-kc-cluster-bindcore-secomp-verkc-s80-i20-omp64-20260504_070823/kc_omp_np1_t64_s80_i20_bindcore_20260504_070823.slurm.out,/home/fzj/桌面/ppn/PPN-KLULES/cluster/stage2-omp/stage2-omp-s80-b5-kc-cluster-bindcore-secomp-verkc-s80-i20-omp64-20260504_070823/kc_omp_np1_t64_s80_i20_bindcore_20260504_070823.slurm.err,/home/fzj/桌面/ppn/PPN-KLULES/cluster/stage2-omp/stage2-omp-s80-b5-kc-cluster-bindcore-secomp-verkc-s80-i20-omp64-20260504_070823/manifest.csv
